번호,시설명,최근접_거리_km,최근접_업체명,최근접_업태,최근접_객실수
1,티테라피,0.32,시그니처 호텔 (빌딩),관광호텔,67.0
2,SPA 1899 동인비,0.0,호스텔아라,관광호텔,20.0
3,여용국 한방스파,0.2,상주호텔,여관업,30.0
4,올리바인 스파,0.43,독립문호텔,여관업,37.0
5,비스타 워커힐 웰니스클럽,0.21,대하장여관,여관업,38.0
6,스파랜드 센텀시티,0.3,센텀프리미어호텔,일반호텔,212.0
7,리조트 스파밸리,4.11,호텔꿀스테이수성못점,여관업,29.0
8,파라다이스시티 씨메르,0.08,파라다이스시티,관광호텔,769.0
9,국립대운산치유의숲,4.62,뉴스타호텔,일반호텔,27.0
10,허브아일랜드 허브힐링센터,1.4,신북온심재,여관업,54.0
11,아쿠아필드 고양,1.74,호텔더윈,관광호텔,80.0
12,힐리언스 선마을,0.13,(주)힐리언스,숙박업 기타,44.0
13,동해무릉건강숲,0.03,동해무릉건강숲,숙박업 기타,38.0
14,파크로쉬 리조트앤웰니스,0.16,주식회사 송담아이엔씨,일반호텔,107.0
15,뮤지엄SAN 명상관,1.05,오크밸리리조트(D),휴양콘도미니엄업,145.0
16,용평리조트 발왕산,0.11,알펜하우스,여관업,18.0
17,오색그린야드호텔,0.06,서울시니어스타워(주) 오색그린야드호텔,숙박업(생활),155.0
18,깊은산속 옹달샘,2.96,금강센테리움(주),일반호텔,21.0
19,포레스트 리솜 해브나인 힐링스파,0.02,포레스트 리솜,휴양콘도미니엄업,451.0
20,팜카밀레,0.27,태안키즈풀빌라아이랜드,숙박업(생활),3.0
21,파라다이스 스파 도고,0.13,(주)이랜드파크 켄싱턴리조트 도고,숙박업(생활),220.0
22,에덴힐스 뷰티&힐링파크,0.7,준 모텔,여관업,30.0
23,진안홍삼스파,0.1,홍삼빌,여관업,43.0
24,순천만국가정원&순천만습지,0.63,순천청수호스텔,숙박업(생활),8.0
25,정남진 편백숲 우드랜드,1.63,둘레길펜션텔,여관업,15.0
26,태평염전 해양힐링스파,3.35,갯마을장,여관업,7.0
27,전남권환경성질환예방관리센터,3.14,또다른이야기,숙박업(생활),3.0
28,국립장성숲체원,1.32,힐링카운티 200동,숙박업(생활),71.0
29,인문힐링센터 여명,0.03,나옹왕사 선명상 치유센터,숙박업 기타,15.0
30,국립김천치유의숲,8.65,수풀산장,여관업,19.0
31,국립산림치유원,3.33,소백산풍기온천리조트호텔동,숙박업 기타,24.0
32,하늘호수,1.8,덕유산힐링존,숙박업 기타,19.0
33,산청 동의보감촌,0.14,항노화힐링누리원,숙박업(생활),12.0
34,한화리조트 거제 벨버디어 웰니스,1.22,드비취일,여관업,12.0
35,오도산 치유의 숲,3.85,뷰무인텔,여관업,7.0
36,나폴리농원,0.68,유성모텔,여관업,8.0
37,WE호텔 웰니스센터,15.03,더포레스트하소로제주애견동반숙소,숙박업(생활),1.0
38,서귀포 치유의 숲,14.75,엠버리조트,숙박업(생활),20.0
39,취다선 리조트,0.27,더포그레이스호텔앤리조트,숙박업(생활),144.0
40,서울한방진흥센터,0.16,삼성모텔,여인숙업,6.0
41,더스파 앳 파라다이스,0.02,파라다이스시티,관광호텔,769.0
42,로미지안 가든,1.09,강과소나무,여관업,10.0
43,하이원 리조트,0.14,하이원 그랜드호텔,관광호텔,727.0
44,금강송 에코리움,9.75,십이령옛길보부상주막촌,숙박업(생활),7.0
45,좌구산 자연휴양림,1.86,율리 휴양촌,숙박업 기타,4.0
46,구이안덕건강힐링체험마을,3.05,모악산 아트포레,숙박업(생활),64.0
47,메이필드호텔 서울,0.05,호텔 티제이,관광호텔,46.0
48,이문원한의원,0.38,호텔 올인,여관업,18.0
49,뷰라운지,0.72,사이버,여관업,29.0
50,동해보양온천컨벤션호텔,0.17,대명모텔,여관업,31.0
51,설해원,0.11,설해스테이,숙박업(생활),90.0
52,거창 항노화힐링랜드,2.83,파인밸리,휴양콘도미니엄업,4.0
53,태권도원 상징지구,0.95,희락재,숙박업(생활),26.0
54,환상숲곶자왈공원,9.33,아루미호텔협재점,관광호텔,55.0
55,제주901,0.64,리조트산수휴,숙박업(생활),10.0
56,산림힐링재단(하이힐링원),1.65,골든파인펜션,숙박업(생활),6.0
57,삼척 활기 치유의숲,0.97,두메관광농원,숙박업(생활),19.0
58,숲애서,1.22,대운산 모텔,여관업,17.0
59,국립칠곡숲체원,2.08,도개온천텔,여관업,48.0
60,테라피 스파 소베,0.02,볼튼호텔,일반호텔,45.0
61,더 스파 하스타,0.0,쉐라톤그랜드인천호텔,관광호텔,321.0
62,현대요트 인천,1.69,뉴욕파크호스텔,숙박업(생활),14.0
63,제원 하늘농원,0.76,내츄럴하우스,숙박업(생활),2.0
64,국립제천치유의숲,2.34,청풍힐링스테이,숙박업 기타,17.0
65,금풍양조장,0.32,약수천모텔,여관업,18.0
66,경원재,0.08,경원재 바이 워커힐,관광호텔,30.0
67,미리내 힐빙클럽,0.1,주)미리내 힐빙클럽 내,숙박업 기타,8.0
68,오크밸리,0.2,오크밸리리조트(South),휴양콘도미니엄업,165.0
69,소백산생태탐방원,4.48,코리아나호텔,일반호텔,30.0
70,레인보우 힐링센터,0.15,영동 일라이트 휴양빌리지,숙박업(생활),20.0
71,아원고택,3.25,소양스테이,숙박업(생활),2.0
72,쉴(SHIL)랜드,0.25,순창군 쉴랜드,숙박업(생활),15.0
73,완도 해양치유센터,0.24,리하우스펜션 B동,숙박업(생활),10.0
74,사유원,0.86,HOTEL애플,여관업,20.0
75,한국전통문화체험관,0.78,사이버,여관업,29.0
76,클럽디오아시스,0.0,(주)호텔롯데 시그니엘 부산,관광호텔,260.0
77,JW 메리어트 제주,20.47,엠버리조트,숙박업(생활),20.0
78,하이디하우스,2.06,신트라 호텔,여관업,32.0
79,트리비움,2.43,한화호텔앤드리조트(주)용인,숙박업(생활),250.0
80,약석원,1.15,켈리포니아모텔,여관업,27.0
81,차덕분,0.24,인천 그레이스 호텔,일반호텔,41.0
82,하동야생차문화센터,0.18,연화장모텔,여관업,13.0
83,에스엠비 웰니스 센터,0.92,테라시아 펜션(부산펜션),숙박업(생활),20.0
84,고창웰파크시티,0.04,힐링카운티 16동,숙박업(생활),36.0
85,대흥사,0.42,유선여관,여관업,11.0
86,전라남도 마음건강치유센터,4.09,둘레길펜션텔,여관업,15.0
87,교래자연휴양림,0.86,샘터휴양펜션,숙박업 기타,8.0
88,해비치호텔앤드리조트,10.28,어라운드폴리,숙박업(생활),7.0
