지역,시설,코호트,체류시간_P2,체류시간_P3,체류시간_P4,체류시간_g1(%),체류시간_g2(%),숙박비율_P2,숙박비율_P3,숙박비율_P4,숙박비율_g1(%),숙박비율_g2(%)
강원영월,영월(하이힐링원),2023,1532.0,1517.0,1330.0,-1.0,-12.3,22.1,21.0,17.8,-4.6,-15.3
강원삼척,삼척(활기 치유의숲),2023,1945.0,1681.0,1465.0,-13.6,-12.9,20.8,21.4,18.2,3.1,-15.0
경남양산,양산(숲애서),2023,1257.0,1254.0,1214.0,-0.2,-3.2,8.4,8.3,7.9,-1.1,-4.9
경북칠곡,칠곡(국립칠곡숲체원),2023,871.0,772.0,709.0,-11.4,-8.1,6.0,5.8,5.2,-2.2,-11.0
충북제천,제천(국립제천치유의숲),2023,1820.0,1752.0,1533.0,-3.8,-12.5,22.0,21.3,18.4,-2.9,-13.4
전남완도,완도(해양치유센터),2024,2141.0,2064.0,2079.0,-3.6,0.7,19.8,17.9,17.5,-9.8,-2.0
전북순창,순창(쉴랜드),2024,994.0,915.0,943.0,-8.0,3.1,10.2,9.0,9.0,-11.5,-1.0
충북영동,영동(레인보우 힐링센터),2024,1454.0,1343.0,1356.0,-7.7,1.0,13.0,11.2,10.7,-13.8,-5.0
전북완주,완주(아원고택),2024,901.0,827.0,859.0,-8.3,3.9,7.8,7.1,7.0,-8.9,-0.5
경북영주,영주(소백산생태탐방원),2024,2188.0,1863.0,1993.0,-14.8,7.0,18.6,15.6,15.3,-16.0,-1.7
