지역,시설,코호트,관광소비_P2(천원),관광소비_P3(천원),관광소비_P4(천원),g1(%),g2(%)
강원영월,영월(하이힐링원),2023,105355841.0,100054430.0,99849247.0,-5.0,-0.2
강원삼척,삼척(활기 치유의숲),2023,205627410.0,196883621.0,173643381.0,-4.3,-11.8
경남양산,양산(숲애서),2023,589302279.0,570789165.0,543791813.0,-3.1,-4.7
경북칠곡,칠곡(국립칠곡숲체원),2023,549972353.0,534271015.0,516203165.0,-2.9,-3.4
충북제천,제천(국립제천치유의숲),2023,380063187.0,366879875.0,348509902.0,-3.5,-5.0
전남완도,완도(해양치유센터),2024,51716067.0,46406611.0,50355541.0,-10.3,8.5
전북순창,순창(쉴랜드),2024,44930596.0,36460605.0,36862076.0,-18.9,1.1
충북영동,영동(레인보우 힐링센터),2024,74556554.0,73102959.0,76110109.0,-1.9,4.1
전북완주,완주(아원고택),2024,285535920.0,287068670.0,301118686.0,0.5,4.9
경북영주,영주(소백산생태탐방원),2024,124476553.0,120825267.0,122920291.0,-2.9,1.7
