관광지,기준일,반경_km,시설자체_숙박시설수,시설자체_예약가능객실수,시설자체_최대수용인원,시설자체_수용인원설명,시설자체_객실유형,시설자체_출처,시설자체_원자료상태,주변외부_업체수,주변외부_양실수,주변외부_한실수,주변외부_총객실수,주변외부_업태별,시설좌표_신뢰도
무주 태권도원 상징지구,2026-02-28,1,1,265,1031.0,"최대 1,031명","도약관 A~D동(침대·한실, 7·12·13·15평형)",태권도원 공식 공간구성 자료(최종수정 2022-02-18),"공식 시설자료 도약관 265실·1,031명(인허가 원자료에는 미포착)",0,0,0,0,없음,부지경계 미확보
무주 태권도원 상징지구,2026-02-28,2,1,265,1031.0,"최대 1,031명","도약관 A~D동(침대·한실, 7·12·13·15평형)",태권도원 공식 공간구성 자료(최종수정 2022-02-18),"공식 시설자료 도약관 265실·1,031명(인허가 원자료에는 미포착)",1,6,0,6,숙박업 기타 1곳·6실,부지경계 미확보
무주 태권도원 상징지구,2026-02-28,5,1,265,1031.0,"최대 1,031명","도약관 A~D동(침대·한실, 7·12·13·15평형)",태권도원 공식 공간구성 자료(최종수정 2022-02-18),"공식 시설자료 도약관 265실·1,031명(인허가 원자료에는 미포착)",3,37,0,37,"숙박업 기타 1곳·6실, 숙박업(생활) 2곳·31실",부지경계 미확보
완주 아원고택,2026-02-28,1,1,7,26.0,최대 26명,"한옥 스테이(천지인 안방·건너방, 안채, 사랑채, 별채 A·B, 서당)",시설 객실 안내자료,시설 안내자료에서 예약 가능 7객실 확인(인허가 원자료에는 미포착),0,0,0,0,없음,high
완주 아원고택,2026-02-28,2,1,7,26.0,최대 26명,"한옥 스테이(천지인 안방·건너방, 안채, 사랑채, 별채 A·B, 서당)",시설 객실 안내자료,시설 안내자료에서 예약 가능 7객실 확인(인허가 원자료에는 미포착),0,0,0,0,없음,high
완주 아원고택,2026-02-28,5,1,7,26.0,최대 26명,"한옥 스테이(천지인 안방·건너방, 안채, 사랑채, 별채 A·B, 서당)",시설 객실 안내자료,시설 안내자료에서 예약 가능 7객실 확인(인허가 원자료에는 미포착),1,2,0,2,숙박업(생활) 1곳·2실,high
순창 쉴랜드,2026-02-28,1,1,52,,방갈로 기준 68명 + 쉴하우스 수용인원 미확인,쉴하우스 37실 + 황토·편백 방갈로 15동,시설 숙박 안내자료,시설 안내자료 52개 숙박 단위 확인(인허가 원자료에는 한실 15실),0,0,0,0,없음,부지경계 미확보
순창 쉴랜드,2026-02-28,2,1,52,,방갈로 기준 68명 + 쉴하우스 수용인원 미확인,쉴하우스 37실 + 황토·편백 방갈로 15동,시설 숙박 안내자료,시설 안내자료 52개 숙박 단위 확인(인허가 원자료에는 한실 15실),0,0,0,0,없음,부지경계 미확보
순창 쉴랜드,2026-02-28,5,1,52,,방갈로 기준 68명 + 쉴하우스 수용인원 미확인,쉴하우스 37실 + 황토·편백 방갈로 15동,시설 숙박 안내자료,시설 안내자료 52개 숙박 단위 확인(인허가 원자료에는 한실 15실),0,0,0,0,없음,부지경계 미확보
완도 해양치유센터,2026-02-28,1,0,0,,확인 안 됨,확인 안 됨,숙박업 인허가 원자료,시설 자체 숙박업 인허가 행 없음,7,39,43,82,숙박업(생활) 7곳·82실,high
완도 해양치유센터,2026-02-28,2,0,0,,확인 안 됨,확인 안 됨,숙박업 인허가 원자료,시설 자체 숙박업 인허가 행 없음,25,182,139,321,"숙박업 기타 1곳·2실, 숙박업(생활) 20곳·269실, 여관업 4곳·50실",high
완도 해양치유센터,2026-02-28,5,0,0,,확인 안 됨,확인 안 됨,숙박업 인허가 원자료,시설 자체 숙박업 인허가 행 없음,25,182,139,321,"숙박업 기타 1곳·2실, 숙박업(생활) 20곳·269실, 여관업 4곳·50실",high
