관광지,반경_km,지정직전_기준일,지정2년차_관측일,완전한24개월여부,지정직전_주변외부_업체수,지정직전_주변외부_객실수,관측종료_주변외부_업체수,관측종료_주변외부_객실수,신규인허가_업체수,신규인허가_객실수,폐업_업체수,폐업_객실수,객실재고_순변화
무주 태권도원 상징지구,1,2022-03-31,2024-03-31,True,0,0,0,0,0,0,0,0,0
무주 태권도원 상징지구,2,2022-03-31,2024-03-31,True,1,9,1,6,1,6,1,9,-3
무주 태권도원 상징지구,5,2022-03-31,2024-03-31,True,2,14,2,11,1,6,1,9,-3
완주 아원고택,1,2024-03-31,2026-02-28,False,0,0,0,0,0,0,0,0,0
완주 아원고택,2,2024-03-31,2026-02-28,False,0,0,0,0,0,0,0,0,0
완주 아원고택,5,2024-03-31,2026-02-28,False,0,0,1,2,1,2,0,0,2
순창 쉴랜드,1,2024-03-31,2026-02-28,False,0,0,0,0,0,0,0,0,0
순창 쉴랜드,2,2024-03-31,2026-02-28,False,0,0,0,0,0,0,0,0,0
순창 쉴랜드,5,2024-03-31,2026-02-28,False,0,0,0,0,0,0,0,0,0
완도 해양치유센터,1,2024-03-31,2026-02-28,False,7,82,7,82,0,0,0,0,0
완도 해양치유센터,2,2024-03-31,2026-02-28,False,23,315,25,321,2,6,0,0,6
완도 해양치유센터,5,2024-03-31,2026-02-28,False,23,315,25,321,2,6,0,0,6
