관광지,지정연도,기간,반경_km,관측개월수,필요개월수,주변외부_평균업체수,주변외부_평균객실수,주변외부_평균양실수,주변외부_평균한실수
무주 태권도원 상징지구,2022,P1,1,12,12,0.0,0.0,0.0,0.0
무주 태권도원 상징지구,2022,P1,2,12,12,1.0,9.0,0.0,9.0
무주 태권도원 상징지구,2022,P1,5,12,12,2.0,14.0,5.0,9.0
무주 태권도원 상징지구,2022,P2,1,12,12,0.0,0.0,0.0,0.0
무주 태권도원 상징지구,2022,P2,2,12,12,1.0,9.0,0.0,9.0
무주 태권도원 상징지구,2022,P2,5,12,12,2.0,14.0,5.0,9.0
무주 태권도원 상징지구,2022,P3,1,12,12,0.0,0.0,0.0,0.0
무주 태권도원 상징지구,2022,P3,2,12,12,2.0,15.0,6.0,9.0
무주 태권도원 상징지구,2022,P3,5,12,12,3.0,20.0,11.0,9.0
무주 태권도원 상징지구,2022,P4,1,12,12,0.0,0.0,0.0,0.0
무주 태권도원 상징지구,2022,P4,2,12,12,1.3,9.0,6.0,3.0
무주 태권도원 상징지구,2022,P4,5,12,12,2.3,14.0,11.0,3.0
완주 아원고택,2024,P1,1,12,12,0.0,0.0,0.0,0.0
완주 아원고택,2024,P1,2,12,12,0.0,0.0,0.0,0.0
완주 아원고택,2024,P1,5,12,12,0.0,0.0,0.0,0.0
완주 아원고택,2024,P2,1,12,12,0.0,0.0,0.0,0.0
완주 아원고택,2024,P2,2,12,12,0.0,0.0,0.0,0.0
완주 아원고택,2024,P2,5,12,12,0.0,0.0,0.0,0.0
완주 아원고택,2024,P3,1,12,12,0.0,0.0,0.0,0.0
완주 아원고택,2024,P3,2,12,12,0.0,0.0,0.0,0.0
완주 아원고택,2024,P3,5,12,12,0.0,0.0,0.0,0.0
완주 아원고택,2024,P4,1,11,12,0.0,0.0,0.0,0.0
완주 아원고택,2024,P4,2,11,12,0.0,0.0,0.0,0.0
완주 아원고택,2024,P4,5,11,12,0.5,1.1,1.1,0.0
순창 쉴랜드,2024,P1,1,12,12,0.0,0.0,0.0,0.0
순창 쉴랜드,2024,P1,2,12,12,0.0,0.0,0.0,0.0
순창 쉴랜드,2024,P1,5,12,12,0.0,0.0,0.0,0.0
순창 쉴랜드,2024,P2,1,12,12,0.0,0.0,0.0,0.0
순창 쉴랜드,2024,P2,2,12,12,0.0,0.0,0.0,0.0
순창 쉴랜드,2024,P2,5,12,12,0.0,0.0,0.0,0.0
순창 쉴랜드,2024,P3,1,12,12,0.0,0.0,0.0,0.0
순창 쉴랜드,2024,P3,2,12,12,0.0,0.0,0.0,0.0
순창 쉴랜드,2024,P3,5,12,12,0.0,0.0,0.0,0.0
순창 쉴랜드,2024,P4,1,11,12,0.0,0.0,0.0,0.0
순창 쉴랜드,2024,P4,2,11,12,0.0,0.0,0.0,0.0
순창 쉴랜드,2024,P4,5,11,12,0.0,0.0,0.0,0.0
완도 해양치유센터,2024,P1,1,12,12,5.7,68.0,35.7,32.3
완도 해양치유센터,2024,P1,2,12,12,21.5,302.2,169.7,132.5
완도 해양치유센터,2024,P1,5,12,12,21.5,302.2,169.7,132.5
완도 해양치유센터,2024,P2,1,12,12,7.0,82.0,39.0,43.0
완도 해양치유센터,2024,P2,2,12,12,22.8,313.0,176.0,137.0
완도 해양치유센터,2024,P2,5,12,12,22.8,313.0,176.0,137.0
완도 해양치유센터,2024,P3,1,12,12,7.0,82.0,39.0,43.0
완도 해양치유센터,2024,P3,2,12,12,24.2,318.7,180.0,138.7
완도 해양치유센터,2024,P3,5,12,12,24.2,318.7,180.0,138.7
완도 해양치유센터,2024,P4,1,11,12,7.0,82.0,39.0,43.0
완도 해양치유센터,2024,P4,2,11,12,25.0,321.0,182.0,139.0
완도 해양치유센터,2024,P4,5,11,12,25.0,321.0,182.0,139.0
