관광지,시설명,시설자체여부,거리구간,거리_km,사업장명,업태구분명,양실수,한실수,총객실수,인허가일자,도로명주소
무주 태권도원 상징지구,태권도원 상징지구,주변 외부,1~2km,1.398,빌라드 무주,숙박업 기타,6.0,0.0,6.0,2022-04-05,"전북특별자치도 무주군 설천면 양지길 92-5, 빌라드 무주"
무주 태권도원 상징지구,태권도원 상징지구,주변 외부,2~5km,2.118,희락재,숙박업(생활),26.0,0.0,26.0,2024-11-06,"전북특별자치도 무주군 설천면 비례길 49, 1-3층"
무주 태권도원 상징지구,태권도원 상징지구,주변 외부,2~5km,2.141,유엔아이리조트,숙박업(생활),5.0,0.0,5.0,2011-10-13,전북특별자치도 무주군 설천면 비례길 45
완주 아원고택,아원고택,주변 외부,2~5km,3.25,소양스테이,숙박업(생활),2.0,0.0,2.0,2025-09-17,"전북특별자치도 완주군 소양면 원등산길 46, 주1,2동"
순창 쉴랜드,쉴(SHIL)랜드,시설 자체,1km 이내,0.249,순창군 쉴랜드,숙박업(생활),0.0,15.0,15.0,2021-06-17,전북특별자치도 순창군 인계면 인덕로 427-148
완도 해양치유센터,완도 해양치유센터,주변 외부,1km 이내,0.241,리하우스펜션 B동,숙박업(생활),2.0,8.0,10.0,2022-12-06,전남광주통합특별시 완도군 신지면 해양치유길 109
완도 해양치유센터,완도 해양치유센터,주변 외부,1km 이내,0.254,리하우스펜션 A동,숙박업(생활),3.0,8.0,11.0,2022-12-06,전남광주통합특별시 완도군 신지면 해양치유길 105
완도 해양치유센터,완도 해양치유센터,주변 외부,1km 이내,0.295,완도해송팬션,숙박업(생활),0.0,6.0,6.0,2019-07-30,전남광주통합특별시 완도군 신지면 해양치유길 150-1
완도 해양치유센터,완도 해양치유센터,주변 외부,1km 이내,0.555,카사엘리오,숙박업(생활),3.0,6.0,9.0,2014-12-23,전남광주통합특별시 완도군 신지면 명사십리길 85-155
완도 해양치유센터,완도 해양치유센터,주변 외부,1km 이내,0.88,나인오션,숙박업(생활),10.0,0.0,10.0,2015-05-21,전남광주통합특별시 완도군 신지면 해양치유길 37-1
완도 해양치유센터,완도 해양치유센터,주변 외부,1km 이내,0.969,New 리베라펜션,숙박업(생활),11.0,7.0,18.0,2014-05-29,전남광주통합특별시 완도군 신지면 신지로 415-1
완도 해양치유센터,완도 해양치유센터,주변 외부,1km 이내,0.992,리베라 펜션,숙박업(생활),10.0,8.0,18.0,2011-08-10,전남광주통합특별시 완도군 신지면 신지로 415
완도 해양치유센터,완도 해양치유센터,주변 외부,1~2km,1.007,완도 파인비치 호텔,숙박업(생활),11.0,15.0,26.0,2011-06-16,전남광주통합특별시 완도군 신지면 해양치유길 230
완도 해양치유센터,완도 해양치유센터,주변 외부,1~2km,1.018,K 퓨전한옥펜션,숙박업(생활),0.0,14.0,14.0,2018-02-26,전남광주통합특별시 완도군 신지면 울몰길 94-24
완도 해양치유센터,완도 해양치유센터,주변 외부,1~2km,1.028,스타비치 펜션,여관업,2.0,16.0,18.0,2011-06-21,"전남광주통합특별시 완도군 신지면 해양치유길 230-1, 스타비치펜션"
완도 해양치유센터,완도 해양치유센터,주변 외부,1~2km,1.046,완도 사랑해펜션,여관업,2.0,9.0,11.0,2011-12-01,전남광주통합특별시 완도군 신지면 울몰길 94-18
완도 해양치유센터,완도 해양치유센터,주변 외부,1~2km,1.075,라일펜션,숙박업(생활),2.0,11.0,13.0,2011-11-09,전남광주통합특별시 완도군 신지면 울몰길 94-10
완도 해양치유센터,완도 해양치유센터,주변 외부,1~2km,1.075,크라운장,여관업,0.0,8.0,8.0,1988-08-03,전남광주통합특별시 완도군 신지면 대곡길 3-1
완도 해양치유센터,완도 해양치유센터,주변 외부,1~2km,1.083,모래뜰,여관업,11.0,2.0,13.0,2008-05-19,전남광주통합특별시 완도군 신지면 명사십리길 74
완도 해양치유센터,완도 해양치유센터,주변 외부,1~2km,1.109,명사십리바다펜션,숙박업(생활),0.0,8.0,8.0,2011-09-28,전남광주통합특별시 완도군 신지면 울몰길 94-14
완도 해양치유센터,완도 해양치유센터,주변 외부,1~2km,1.124,어반하우스,숙박업 기타,1.0,1.0,2.0,2024-08-12,전남광주통합특별시 완도군 신지면 울몰길 94-12
완도 해양치유센터,완도 해양치유센터,주변 외부,1~2km,1.196,P-237,숙박업(생활),4.0,0.0,4.0,2019-05-21,"전남광주통합특별시 완도군 신지면 울몰길 94-26, 1동, 2동"
완도 해양치유센터,완도 해양치유센터,주변 외부,1~2km,1.198,더편안리조트,숙박업(생활),26.0,0.0,26.0,2016-10-13,전남광주통합특별시 완도군 신지면 울몰길 81
완도 해양치유센터,완도 해양치유센터,주변 외부,1~2km,1.267,완도곰,숙박업(생활),0.0,3.0,3.0,2021-10-14,"전남광주통합특별시 완도군 신지면 명사십리길 85-22, 2층"
완도 해양치유센터,완도 해양치유센터,주변 외부,1~2km,1.32,명사십리길 104,숙박업(생활),13.0,0.0,13.0,2018-07-24,전남광주통합특별시 완도군 신지면 명사십리길 104
완도 해양치유센터,완도 해양치유센터,주변 외부,1~2km,1.322,올라 코스타(hola costa),숙박업(생활),5.0,0.0,5.0,2021-07-02,전남광주통합특별시 완도군 신지면 명사십리길 106
완도 해양치유센터,완도 해양치유센터,주변 외부,1~2km,1.332,모래뜰펜션 2호점,숙박업(생활),4.0,4.0,8.0,2023-07-14,전남광주통합특별시 완도군 신지면 명사십리길 98-2
완도 해양치유센터,완도 해양치유센터,주변 외부,1~2km,1.408,어부의 집 펜션,숙박업(생활),0.0,3.0,3.0,2017-12-05,전남광주통합특별시 완도군 신지면 울몰길 94-47
완도 해양치유센터,완도 해양치유센터,주변 외부,1~2km,1.446,주식회사 루미아호텔앤리조트,숙박업(생활),58.0,2.0,60.0,2017-05-29,전남광주통합특별시 완도군 신지면 울몰길 49
완도 해양치유센터,완도 해양치유센터,주변 외부,1~2km,1.601,완도 정든 펜션,숙박업(생활),4.0,0.0,4.0,2024-09-27,"전남광주통합특별시 완도군 신지면 신지로 622, 외 3필지"
