번호,지역,시설명,테마,is_stay_theme,코호트,방법,기간,숙박시설수_전체,숙박시설수_고급,숙박시설수_저가,숙박시설수_기타,객실수_전체,객실수_고급,객실수_저가,객실수_기타
56,강원 영월군,산림힐링재단(하이힐링원),힐링/명상,False,2023,radius_1km,P1,0.0,0.0,0.0,0.0,0.0,0.0,0.0,0.0
56,강원 영월군,산림힐링재단(하이힐링원),힐링/명상,False,2023,radius_1km,P2,0.0,0.0,0.0,0.0,0.0,0.0,0.0,0.0
56,강원 영월군,산림힐링재단(하이힐링원),힐링/명상,False,2023,radius_1km,P3,0.0,0.0,0.0,0.0,0.0,0.0,0.0,0.0
56,강원 영월군,산림힐링재단(하이힐링원),힐링/명상,False,2023,radius_1km,P4,0.0,0.0,0.0,0.0,0.0,0.0,0.0,0.0
56,강원 영월군,산림힐링재단(하이힐링원),힐링/명상,False,2023,radius_2km,P1,1.0,0.0,1.0,0.0,6.0,0.0,6.0,0.0
56,강원 영월군,산림힐링재단(하이힐링원),힐링/명상,False,2023,radius_2km,P2,1.0,0.0,1.0,0.0,6.0,0.0,6.0,0.0
56,강원 영월군,산림힐링재단(하이힐링원),힐링/명상,False,2023,radius_2km,P3,1.0,0.0,1.0,0.0,6.0,0.0,6.0,0.0
56,강원 영월군,산림힐링재단(하이힐링원),힐링/명상,False,2023,radius_2km,P4,1.0,0.0,1.0,0.0,6.0,0.0,6.0,0.0
56,강원 영월군,산림힐링재단(하이힐링원),힐링/명상,False,2023,radius_5km,P1,1.0,0.0,1.0,0.0,6.0,0.0,6.0,0.0
56,강원 영월군,산림힐링재단(하이힐링원),힐링/명상,False,2023,radius_5km,P2,1.0,0.0,1.0,0.0,6.0,0.0,6.0,0.0
56,강원 영월군,산림힐링재단(하이힐링원),힐링/명상,False,2023,radius_5km,P3,1.0,0.0,1.0,0.0,6.0,0.0,6.0,0.0
56,강원 영월군,산림힐링재단(하이힐링원),힐링/명상,False,2023,radius_5km,P4,1.0,0.0,1.0,0.0,6.0,0.0,6.0,0.0
56,강원 영월군,산림힐링재단(하이힐링원),힐링/명상,False,2023,dong,P1,2.2,0.0,1.2,1.0,32.7,0.0,27.7,5.0
56,강원 영월군,산림힐링재단(하이힐링원),힐링/명상,False,2023,dong,P2,2.0,0.0,1.0,1.0,31.0,0.0,26.0,5.0
56,강원 영월군,산림힐링재단(하이힐링원),힐링/명상,False,2023,dong,P3,0.6,0.0,0.2,0.3,8.2,0.0,6.5,1.7
56,강원 영월군,산림힐링재단(하이힐링원),힐링/명상,False,2023,dong,P4,0.0,0.0,0.0,0.0,0.0,0.0,0.0,0.0
57,강원 삼척시,삼척 활기 치유의숲,자연/숲치유,False,2023,radius_1km,P1,1.0,0.0,1.0,0.0,19.0,0.0,19.0,0.0
57,강원 삼척시,삼척 활기 치유의숲,자연/숲치유,False,2023,radius_1km,P2,1.0,0.0,1.0,0.0,19.0,0.0,19.0,0.0
57,강원 삼척시,삼척 활기 치유의숲,자연/숲치유,False,2023,radius_1km,P3,1.0,0.0,1.0,0.0,19.0,0.0,19.0,0.0
57,강원 삼척시,삼척 활기 치유의숲,자연/숲치유,False,2023,radius_1km,P4,1.0,0.0,1.0,0.0,19.0,0.0,19.0,0.0
57,강원 삼척시,삼척 활기 치유의숲,자연/숲치유,False,2023,radius_2km,P1,1.0,0.0,1.0,0.0,19.0,0.0,19.0,0.0
57,강원 삼척시,삼척 활기 치유의숲,자연/숲치유,False,2023,radius_2km,P2,1.0,0.0,1.0,0.0,19.0,0.0,19.0,0.0
57,강원 삼척시,삼척 활기 치유의숲,자연/숲치유,False,2023,radius_2km,P3,1.0,0.0,1.0,0.0,19.0,0.0,19.0,0.0
57,강원 삼척시,삼척 활기 치유의숲,자연/숲치유,False,2023,radius_2km,P4,1.0,0.0,1.0,0.0,19.0,0.0,19.0,0.0
57,강원 삼척시,삼척 활기 치유의숲,자연/숲치유,False,2023,radius_5km,P1,3.0,0.0,3.0,0.0,45.0,0.0,45.0,0.0
57,강원 삼척시,삼척 활기 치유의숲,자연/숲치유,False,2023,radius_5km,P2,3.0,0.0,3.0,0.0,45.0,0.0,45.0,0.0
57,강원 삼척시,삼척 활기 치유의숲,자연/숲치유,False,2023,radius_5km,P3,3.0,0.0,3.0,0.0,45.0,0.0,45.0,0.0
57,강원 삼척시,삼척 활기 치유의숲,자연/숲치유,False,2023,radius_5km,P4,3.0,0.0,3.0,0.0,45.0,0.0,45.0,0.0
57,강원 삼척시,삼척 활기 치유의숲,자연/숲치유,False,2023,dong,P1,4.0,0.0,3.0,1.0,32.0,0.0,27.0,5.0
57,강원 삼척시,삼척 활기 치유의숲,자연/숲치유,False,2023,dong,P2,4.0,0.0,3.0,1.0,32.0,0.0,27.0,5.0
57,강원 삼척시,삼척 활기 치유의숲,자연/숲치유,False,2023,dong,P3,4.0,0.0,3.0,1.0,32.0,0.0,27.0,5.0
57,강원 삼척시,삼척 활기 치유의숲,자연/숲치유,False,2023,dong,P4,4.0,0.0,3.0,1.0,32.0,0.0,27.0,5.0
58,경남 양산시,숲애서,힐링/명상,False,2023,radius_1km,P1,0.0,0.0,0.0,0.0,0.0,0.0,0.0,0.0
58,경남 양산시,숲애서,힐링/명상,False,2023,radius_1km,P2,0.0,0.0,0.0,0.0,0.0,0.0,0.0,0.0
58,경남 양산시,숲애서,힐링/명상,False,2023,radius_1km,P3,0.0,0.0,0.0,0.0,0.0,0.0,0.0,0.0
58,경남 양산시,숲애서,힐링/명상,False,2023,radius_1km,P4,0.0,0.0,0.0,0.0,0.0,0.0,0.0,0.0
58,경남 양산시,숲애서,힐링/명상,False,2023,radius_2km,P1,2.0,0.0,2.0,0.0,32.0,0.0,32.0,0.0
58,경남 양산시,숲애서,힐링/명상,False,2023,radius_2km,P2,2.0,0.0,2.0,0.0,32.0,0.0,32.0,0.0
58,경남 양산시,숲애서,힐링/명상,False,2023,radius_2km,P3,2.0,0.0,2.0,0.0,32.0,0.0,32.0,0.0
58,경남 양산시,숲애서,힐링/명상,False,2023,radius_2km,P4,2.0,0.0,2.0,0.0,32.0,0.0,32.0,0.0
58,경남 양산시,숲애서,힐링/명상,False,2023,radius_5km,P1,10.0,1.0,9.0,0.0,210.0,42.0,168.0,0.0
58,경남 양산시,숲애서,힐링/명상,False,2023,radius_5km,P2,10.0,1.0,9.0,0.0,210.0,42.0,168.0,0.0
58,경남 양산시,숲애서,힐링/명상,False,2023,radius_5km,P3,9.6,1.0,8.6,0.0,205.8,42.0,163.8,0.0
58,경남 양산시,숲애서,힐링/명상,False,2023,radius_5km,P4,9.0,1.0,8.0,0.0,200.0,42.0,158.0,0.0
58,경남 양산시,숲애서,힐링/명상,False,2023,dong,P1,10.0,1.0,9.0,0.0,210.0,42.0,168.0,0.0
58,경남 양산시,숲애서,힐링/명상,False,2023,dong,P2,10.0,1.0,9.0,0.0,210.0,42.0,168.0,0.0
58,경남 양산시,숲애서,힐링/명상,False,2023,dong,P3,9.6,1.0,8.6,0.0,205.8,42.0,163.8,0.0
58,경남 양산시,숲애서,힐링/명상,False,2023,dong,P4,9.0,1.0,8.0,0.0,200.0,42.0,158.0,0.0
59,경북 칠곡군,국립칠곡숲체원,자연/숲치유,False,2023,radius_1km,P1,0.0,0.0,0.0,0.0,0.0,0.0,0.0,0.0
59,경북 칠곡군,국립칠곡숲체원,자연/숲치유,False,2023,radius_1km,P2,0.0,0.0,0.0,0.0,0.0,0.0,0.0,0.0
59,경북 칠곡군,국립칠곡숲체원,자연/숲치유,False,2023,radius_1km,P3,0.0,0.0,0.0,0.0,0.0,0.0,0.0,0.0
59,경북 칠곡군,국립칠곡숲체원,자연/숲치유,False,2023,radius_1km,P4,0.0,0.0,0.0,0.0,0.0,0.0,0.0,0.0
59,경북 칠곡군,국립칠곡숲체원,자연/숲치유,False,2023,radius_2km,P1,0.0,0.0,0.0,0.0,0.0,0.0,0.0,0.0
59,경북 칠곡군,국립칠곡숲체원,자연/숲치유,False,2023,radius_2km,P2,0.0,0.0,0.0,0.0,0.0,0.0,0.0,0.0
59,경북 칠곡군,국립칠곡숲체원,자연/숲치유,False,2023,radius_2km,P3,0.0,0.0,0.0,0.0,0.0,0.0,0.0,0.0
59,경북 칠곡군,국립칠곡숲체원,자연/숲치유,False,2023,radius_2km,P4,0.0,0.0,0.0,0.0,0.0,0.0,0.0,0.0
59,경북 칠곡군,국립칠곡숲체원,자연/숲치유,False,2023,radius_5km,P1,15.0,0.0,15.0,0.0,455.0,0.0,455.0,0.0
59,경북 칠곡군,국립칠곡숲체원,자연/숲치유,False,2023,radius_5km,P2,13.5,0.0,13.5,0.0,416.0,0.0,416.0,0.0
59,경북 칠곡군,국립칠곡숲체원,자연/숲치유,False,2023,radius_5km,P3,12.4,0.0,12.4,0.0,387.2,0.0,387.2,0.0
59,경북 칠곡군,국립칠곡숲체원,자연/숲치유,False,2023,radius_5km,P4,12.0,0.0,12.0,0.0,376.0,0.0,376.0,0.0
59,경북 칠곡군,국립칠곡숲체원,자연/숲치유,False,2023,dong,P1,18.7,2.0,15.2,1.4,472.7,66.0,381.0,25.7
59,경북 칠곡군,국립칠곡숲체원,자연/숲치유,False,2023,dong,P2,19.0,2.0,15.0,2.0,482.0,66.0,374.0,42.0
59,경북 칠곡군,국립칠곡숲체원,자연/숲치유,False,2023,dong,P3,19.0,2.0,15.0,2.0,482.0,66.0,374.0,42.0
59,경북 칠곡군,국립칠곡숲체원,자연/숲치유,False,2023,dong,P4,19.0,2.0,15.0,2.0,482.0,66.0,374.0,42.0
64,충북 제천시,국립제천치유의숲,자연/숲치유,False,2023,radius_1km,P1,0.0,0.0,0.0,0.0,0.0,0.0,0.0,0.0
64,충북 제천시,국립제천치유의숲,자연/숲치유,False,2023,radius_1km,P2,0.0,0.0,0.0,0.0,0.0,0.0,0.0,0.0
64,충북 제천시,국립제천치유의숲,자연/숲치유,False,2023,radius_1km,P3,0.0,0.0,0.0,0.0,0.0,0.0,0.0,0.0
64,충북 제천시,국립제천치유의숲,자연/숲치유,False,2023,radius_1km,P4,0.0,0.0,0.0,0.0,0.0,0.0,0.0,0.0
64,충북 제천시,국립제천치유의숲,자연/숲치유,False,2023,radius_2km,P1,0.0,0.0,0.0,0.0,0.0,0.0,0.0,0.0
64,충북 제천시,국립제천치유의숲,자연/숲치유,False,2023,radius_2km,P2,0.0,0.0,0.0,0.0,0.0,0.0,0.0,0.0
64,충북 제천시,국립제천치유의숲,자연/숲치유,False,2023,radius_2km,P3,0.0,0.0,0.0,0.0,0.0,0.0,0.0,0.0
64,충북 제천시,국립제천치유의숲,자연/숲치유,False,2023,radius_2km,P4,0.0,0.0,0.0,0.0,0.0,0.0,0.0,0.0
64,충북 제천시,국립제천치유의숲,자연/숲치유,False,2023,radius_5km,P1,0.0,0.0,0.0,0.0,0.0,0.0,0.0,0.0
64,충북 제천시,국립제천치유의숲,자연/숲치유,False,2023,radius_5km,P2,0.0,0.0,0.0,0.0,0.0,0.0,0.0,0.0
64,충북 제천시,국립제천치유의숲,자연/숲치유,False,2023,radius_5km,P3,0.0,0.0,0.0,0.0,0.0,0.0,0.0,0.0
64,충북 제천시,국립제천치유의숲,자연/숲치유,False,2023,radius_5km,P4,0.1,0.0,0.0,0.1,1.4,0.0,0.0,1.4
64,충북 제천시,국립제천치유의숲,자연/숲치유,False,2023,dong,P1,4.0,1.0,3.0,0.0,248.0,180.0,68.0,0.0
64,충북 제천시,국립제천치유의숲,자연/숲치유,False,2023,dong,P2,4.0,1.0,3.0,0.0,248.0,180.0,68.0,0.0
64,충북 제천시,국립제천치유의숲,자연/숲치유,False,2023,dong,P3,4.0,1.0,3.0,0.0,248.0,180.0,68.0,0.0
64,충북 제천시,국립제천치유의숲,자연/숲치유,False,2023,dong,P4,4.3,1.0,3.2,0.1,250.4,180.0,69.0,1.4
69,경북 영주시,소백산생태탐방원,자연/숲치유,False,2024,radius_1km,P1,0.0,0.0,0.0,0.0,0.0,0.0,0.0,0.0
69,경북 영주시,소백산생태탐방원,자연/숲치유,False,2024,radius_1km,P2,0.0,0.0,0.0,0.0,0.0,0.0,0.0,0.0
69,경북 영주시,소백산생태탐방원,자연/숲치유,False,2024,radius_1km,P3,0.0,0.0,0.0,0.0,0.0,0.0,0.0,0.0
69,경북 영주시,소백산생태탐방원,자연/숲치유,False,2024,radius_1km,P4,0.0,0.0,0.0,0.0,0.0,0.0,0.0,0.0
69,경북 영주시,소백산생태탐방원,자연/숲치유,False,2024,radius_2km,P1,0.0,0.0,0.0,0.0,0.0,0.0,0.0,0.0
69,경북 영주시,소백산생태탐방원,자연/숲치유,False,2024,radius_2km,P2,0.0,0.0,0.0,0.0,0.0,0.0,0.0,0.0
69,경북 영주시,소백산생태탐방원,자연/숲치유,False,2024,radius_2km,P3,0.0,0.0,0.0,0.0,0.0,0.0,0.0,0.0
69,경북 영주시,소백산생태탐방원,자연/숲치유,False,2024,radius_2km,P4,0.0,0.0,0.0,0.0,0.0,0.0,0.0,0.0
69,경북 영주시,소백산생태탐방원,자연/숲치유,False,2024,radius_5km,P1,1.0,1.0,0.0,0.0,30.0,30.0,0.0,0.0
69,경북 영주시,소백산생태탐방원,자연/숲치유,False,2024,radius_5km,P2,1.0,1.0,0.0,0.0,30.0,30.0,0.0,0.0
69,경북 영주시,소백산생태탐방원,자연/숲치유,False,2024,radius_5km,P3,1.0,1.0,0.0,0.0,30.0,30.0,0.0,0.0
69,경북 영주시,소백산생태탐방원,자연/숲치유,False,2024,radius_5km,P4,1.0,1.0,0.0,0.0,30.0,30.0,0.0,0.0
69,경북 영주시,소백산생태탐방원,자연/숲치유,False,2024,dong,P1,0.0,0.0,0.0,0.0,0.0,0.0,0.0,0.0
69,경북 영주시,소백산생태탐방원,자연/숲치유,False,2024,dong,P2,0.0,0.0,0.0,0.0,0.0,0.0,0.0,0.0
69,경북 영주시,소백산생태탐방원,자연/숲치유,False,2024,dong,P3,0.0,0.0,0.0,0.0,0.0,0.0,0.0,0.0
69,경북 영주시,소백산생태탐방원,자연/숲치유,False,2024,dong,P4,0.0,0.0,0.0,0.0,0.0,0.0,0.0,0.0
70,충북 영동군,레인보우 힐링센터,힐링/명상,False,2024,radius_1km,P1,0.1,0.0,0.1,0.0,1.7,0.0,1.7,0.0
70,충북 영동군,레인보우 힐링센터,힐링/명상,False,2024,radius_1km,P2,1.8,0.8,1.0,0.0,105.0,85.0,20.0,0.0
70,충북 영동군,레인보우 힐링센터,힐링/명상,False,2024,radius_1km,P3,2.0,1.0,1.0,0.0,122.0,102.0,20.0,0.0
70,충북 영동군,레인보우 힐링센터,힐링/명상,False,2024,radius_1km,P4,2.0,1.0,1.0,0.0,122.0,102.0,20.0,0.0
70,충북 영동군,레인보우 힐링센터,힐링/명상,False,2024,radius_2km,P1,5.1,0.0,4.1,1.0,119.7,0.0,86.7,33.0
70,충북 영동군,레인보우 힐링센터,힐링/명상,False,2024,radius_2km,P2,7.7,0.8,5.0,1.8,226.3,85.0,105.0,36.3
70,충북 영동군,레인보우 힐링센터,힐링/명상,False,2024,radius_2km,P3,8.0,1.0,5.0,2.0,244.0,102.0,105.0,37.0
70,충북 영동군,레인보우 힐링센터,힐링/명상,False,2024,radius_2km,P4,8.0,1.0,5.0,2.0,244.0,102.0,105.0,37.0
70,충북 영동군,레인보우 힐링센터,힐링/명상,False,2024,radius_5km,P1,11.1,0.0,9.1,2.0,277.7,0.0,211.7,66.0
70,충북 영동군,레인보우 힐링센터,힐링/명상,False,2024,radius_5km,P2,13.7,0.8,10.0,2.8,384.3,85.0,230.0,69.3
70,충북 영동군,레인보우 힐링센터,힐링/명상,False,2024,radius_5km,P3,14.4,1.0,10.4,3.0,411.6,102.0,239.6,70.0
70,충북 영동군,레인보우 힐링센터,힐링/명상,False,2024,radius_5km,P4,15.0,1.0,11.0,3.0,425.0,102.0,253.0,70.0
70,충북 영동군,레인보우 힐링센터,힐링/명상,False,2024,dong,P1,12.1,0.0,10.1,2.0,287.7,0.0,221.7,66.0
70,충북 영동군,레인보우 힐링센터,힐링/명상,False,2024,dong,P2,14.7,0.8,11.0,2.8,394.3,85.0,240.0,69.3
70,충북 영동군,레인보우 힐링센터,힐링/명상,False,2024,dong,P3,15.4,1.0,11.4,3.0,421.6,102.0,249.6,70.0
70,충북 영동군,레인보우 힐링센터,힐링/명상,False,2024,dong,P4,16.0,1.0,12.0,3.0,435.0,102.0,263.0,70.0
71,전북 완주군,아원고택,스테이,True,2024,radius_1km,P1,0.0,0.0,0.0,0.0,0.0,0.0,0.0,0.0
71,전북 완주군,아원고택,스테이,True,2024,radius_1km,P2,0.0,0.0,0.0,0.0,0.0,0.0,0.0,0.0
71,전북 완주군,아원고택,스테이,True,2024,radius_1km,P3,0.0,0.0,0.0,0.0,0.0,0.0,0.0,0.0
71,전북 완주군,아원고택,스테이,True,2024,radius_1km,P4,0.0,0.0,0.0,0.0,0.0,0.0,0.0,0.0
71,전북 완주군,아원고택,스테이,True,2024,radius_2km,P1,0.0,0.0,0.0,0.0,0.0,0.0,0.0,0.0
71,전북 완주군,아원고택,스테이,True,2024,radius_2km,P2,0.0,0.0,0.0,0.0,0.0,0.0,0.0,0.0
71,전북 완주군,아원고택,스테이,True,2024,radius_2km,P3,0.0,0.0,0.0,0.0,0.0,0.0,0.0,0.0
71,전북 완주군,아원고택,스테이,True,2024,radius_2km,P4,0.0,0.0,0.0,0.0,0.0,0.0,0.0,0.0
71,전북 완주군,아원고택,스테이,True,2024,radius_5km,P1,0.0,0.0,0.0,0.0,0.0,0.0,0.0,0.0
71,전북 완주군,아원고택,스테이,True,2024,radius_5km,P2,0.0,0.0,0.0,0.0,0.0,0.0,0.0,0.0
71,전북 완주군,아원고택,스테이,True,2024,radius_5km,P3,0.0,0.0,0.0,0.0,0.0,0.0,0.0,0.0
71,전북 완주군,아원고택,스테이,True,2024,radius_5km,P4,0.5,0.0,0.5,0.0,1.1,0.0,1.1,0.0
71,전북 완주군,아원고택,스테이,True,2024,dong,P1,1.0,1.0,0.0,0.0,29.0,29.0,0.0,0.0
71,전북 완주군,아원고택,스테이,True,2024,dong,P2,1.0,1.0,0.0,0.0,29.0,29.0,0.0,0.0
71,전북 완주군,아원고택,스테이,True,2024,dong,P3,1.0,1.0,0.0,0.0,29.0,29.0,0.0,0.0
71,전북 완주군,아원고택,스테이,True,2024,dong,P4,1.5,1.0,0.5,0.0,30.1,29.0,1.1,0.0
72,전북 순창군,쉴(SHIL)랜드,푸드,False,2024,radius_1km,P1,1.0,0.0,1.0,0.0,15.0,0.0,15.0,0.0
72,전북 순창군,쉴(SHIL)랜드,푸드,False,2024,radius_1km,P2,1.0,0.0,1.0,0.0,15.0,0.0,15.0,0.0
72,전북 순창군,쉴(SHIL)랜드,푸드,False,2024,radius_1km,P3,1.0,0.0,1.0,0.0,15.0,0.0,15.0,0.0
72,전북 순창군,쉴(SHIL)랜드,푸드,False,2024,radius_1km,P4,1.0,0.0,1.0,0.0,15.0,0.0,15.0,0.0
72,전북 순창군,쉴(SHIL)랜드,푸드,False,2024,radius_2km,P1,1.0,0.0,1.0,0.0,15.0,0.0,15.0,0.0
72,전북 순창군,쉴(SHIL)랜드,푸드,False,2024,radius_2km,P2,1.0,0.0,1.0,0.0,15.0,0.0,15.0,0.0
72,전북 순창군,쉴(SHIL)랜드,푸드,False,2024,radius_2km,P3,1.0,0.0,1.0,0.0,15.0,0.0,15.0,0.0
72,전북 순창군,쉴(SHIL)랜드,푸드,False,2024,radius_2km,P4,1.0,0.0,1.0,0.0,15.0,0.0,15.0,0.0
72,전북 순창군,쉴(SHIL)랜드,푸드,False,2024,radius_5km,P1,1.0,0.0,1.0,0.0,15.0,0.0,15.0,0.0
72,전북 순창군,쉴(SHIL)랜드,푸드,False,2024,radius_5km,P2,1.0,0.0,1.0,0.0,15.0,0.0,15.0,0.0
72,전북 순창군,쉴(SHIL)랜드,푸드,False,2024,radius_5km,P3,1.0,0.0,1.0,0.0,15.0,0.0,15.0,0.0
72,전북 순창군,쉴(SHIL)랜드,푸드,False,2024,radius_5km,P4,1.0,0.0,1.0,0.0,15.0,0.0,15.0,0.0
72,전북 순창군,쉴(SHIL)랜드,푸드,False,2024,dong,P1,1.0,0.0,1.0,0.0,15.0,0.0,15.0,0.0
72,전북 순창군,쉴(SHIL)랜드,푸드,False,2024,dong,P2,1.0,0.0,1.0,0.0,15.0,0.0,15.0,0.0
72,전북 순창군,쉴(SHIL)랜드,푸드,False,2024,dong,P3,1.0,0.0,1.0,0.0,15.0,0.0,15.0,0.0
72,전북 순창군,쉴(SHIL)랜드,푸드,False,2024,dong,P4,1.0,0.0,1.0,0.0,15.0,0.0,15.0,0.0
73,전남 완도군,완도 해양치유센터,자연/숲치유,False,2024,radius_1km,P1,5.7,0.0,5.7,0.0,68.0,0.0,68.0,0.0
73,전남 완도군,완도 해양치유센터,자연/숲치유,False,2024,radius_1km,P2,7.0,0.0,7.0,0.0,82.0,0.0,82.0,0.0
73,전남 완도군,완도 해양치유센터,자연/숲치유,False,2024,radius_1km,P3,7.0,0.0,7.0,0.0,82.0,0.0,82.0,0.0
73,전남 완도군,완도 해양치유센터,자연/숲치유,False,2024,radius_1km,P4,7.0,0.0,7.0,0.0,82.0,0.0,82.0,0.0
73,전남 완도군,완도 해양치유센터,자연/숲치유,False,2024,radius_2km,P1,21.5,0.0,21.5,0.0,302.2,0.0,302.2,0.0
73,전남 완도군,완도 해양치유센터,자연/숲치유,False,2024,radius_2km,P2,22.8,0.0,22.8,0.0,313.0,0.0,313.0,0.0
73,전남 완도군,완도 해양치유센터,자연/숲치유,False,2024,radius_2km,P3,24.2,0.0,23.6,0.7,318.7,0.0,317.3,1.3
73,전남 완도군,완도 해양치유센터,자연/숲치유,False,2024,radius_2km,P4,25.0,0.0,24.0,1.0,321.0,0.0,319.0,2.0
73,전남 완도군,완도 해양치유센터,자연/숲치유,False,2024,radius_5km,P1,21.5,0.0,21.5,0.0,302.2,0.0,302.2,0.0
73,전남 완도군,완도 해양치유센터,자연/숲치유,False,2024,radius_5km,P2,22.8,0.0,22.8,0.0,313.0,0.0,313.0,0.0
73,전남 완도군,완도 해양치유센터,자연/숲치유,False,2024,radius_5km,P3,24.2,0.0,23.6,0.7,318.7,0.0,317.3,1.3
73,전남 완도군,완도 해양치유센터,자연/숲치유,False,2024,radius_5km,P4,25.0,0.0,24.0,1.0,321.0,0.0,319.0,2.0
73,전남 완도군,완도 해양치유센터,자연/숲치유,False,2024,dong,P1,22.5,0.0,22.5,0.0,312.2,0.0,312.2,0.0
73,전남 완도군,완도 해양치유센터,자연/숲치유,False,2024,dong,P2,23.8,0.0,23.8,0.0,323.0,0.0,323.0,0.0
73,전남 완도군,완도 해양치유센터,자연/숲치유,False,2024,dong,P3,25.2,0.0,24.6,0.7,328.7,0.0,327.3,1.3
73,전남 완도군,완도 해양치유센터,자연/숲치유,False,2024,dong,P4,26.0,0.0,25.0,1.0,331.0,0.0,329.0,2.0
