번호,시설명,contentTypeId,구분,반경_km,totalCount
1,티테라피,12,관광지,5.0,48
1,티테라피,14,문화시설,5.0,23
1,티테라피,15,축제공연행사,5.0,7
1,티테라피,25,여행코스,5.0,0
1,티테라피,28,레포츠,5.0,5
1,티테라피,32,숙박,5.0,28
1,티테라피,38,쇼핑,5.0,19
1,티테라피,39,음식점,5.0,207
2,SPA 1899 동인비,12,관광지,5.0,152
2,SPA 1899 동인비,14,문화시설,5.0,97
2,SPA 1899 동인비,15,축제공연행사,5.0,24
2,SPA 1899 동인비,25,여행코스,5.0,0
2,SPA 1899 동인비,28,레포츠,5.0,8
2,SPA 1899 동인비,32,숙박,5.0,147
2,SPA 1899 동인비,38,쇼핑,5.0,66
2,SPA 1899 동인비,39,음식점,5.0,252
3,여용국 한방스파,12,관광지,5.0,47
3,여용국 한방스파,14,문화시설,5.0,35
3,여용국 한방스파,15,축제공연행사,5.0,14
3,여용국 한방스파,25,여행코스,5.0,0
3,여용국 한방스파,28,레포츠,5.0,10
3,여용국 한방스파,32,숙박,5.0,36
3,여용국 한방스파,38,쇼핑,5.0,20
3,여용국 한방스파,39,음식점,5.0,309
4,올리바인 스파,12,관광지,5.0,152
4,올리바인 스파,14,문화시설,5.0,96
4,올리바인 스파,15,축제공연행사,5.0,27
4,올리바인 스파,25,여행코스,5.0,0
4,올리바인 스파,28,레포츠,5.0,9
4,올리바인 스파,32,숙박,5.0,160
4,올리바인 스파,38,쇼핑,5.0,60
4,올리바인 스파,39,음식점,5.0,226
5,비스타 워커힐 웰니스클럽,12,관광지,5.0,39
5,비스타 워커힐 웰니스클럽,14,문화시설,5.0,14
5,비스타 워커힐 웰니스클럽,15,축제공연행사,5.0,10
5,비스타 워커힐 웰니스클럽,25,여행코스,5.0,0
5,비스타 워커힐 웰니스클럽,28,레포츠,5.0,10
5,비스타 워커힐 웰니스클럽,32,숙박,5.0,13
5,비스타 워커힐 웰니스클럽,38,쇼핑,5.0,13
5,비스타 워커힐 웰니스클럽,39,음식점,5.0,169
6,스파랜드 센텀시티,12,관광지,5.0,31
6,스파랜드 센텀시티,14,문화시설,5.0,11
6,스파랜드 센텀시티,15,축제공연행사,5.0,8
6,스파랜드 센텀시티,25,여행코스,5.0,0
6,스파랜드 센텀시티,28,레포츠,5.0,10
6,스파랜드 센텀시티,32,숙박,5.0,26
6,스파랜드 센텀시티,38,쇼핑,5.0,8
6,스파랜드 센텀시티,39,음식점,5.0,83
7,리조트 스파밸리,12,관광지,5.0,7
7,리조트 스파밸리,14,문화시설,5.0,3
7,리조트 스파밸리,15,축제공연행사,5.0,1
7,리조트 스파밸리,25,여행코스,5.0,0
7,리조트 스파밸리,28,레포츠,5.0,0
7,리조트 스파밸리,32,숙박,5.0,0
7,리조트 스파밸리,38,쇼핑,5.0,0
7,리조트 스파밸리,39,음식점,5.0,8
8,파라다이스시티 씨메르,12,관광지,5.0,9
8,파라다이스시티 씨메르,14,문화시설,5.0,0
8,파라다이스시티 씨메르,15,축제공연행사,5.0,0
8,파라다이스시티 씨메르,25,여행코스,5.0,0
8,파라다이스시티 씨메르,28,레포츠,5.0,0
8,파라다이스시티 씨메르,32,숙박,5.0,2
8,파라다이스시티 씨메르,38,쇼핑,5.0,0
8,파라다이스시티 씨메르,39,음식점,5.0,17
9,국립대운산치유의숲,12,관광지,5.0,6
9,국립대운산치유의숲,14,문화시설,5.0,0
9,국립대운산치유의숲,15,축제공연행사,5.0,0
9,국립대운산치유의숲,25,여행코스,5.0,0
9,국립대운산치유의숲,28,레포츠,5.0,1
9,국립대운산치유의숲,32,숙박,5.0,0
9,국립대운산치유의숲,38,쇼핑,5.0,0
9,국립대운산치유의숲,39,음식점,5.0,1
10,허브아일랜드 허브힐링센터,12,관광지,5.0,2
10,허브아일랜드 허브힐링센터,14,문화시설,5.0,0
10,허브아일랜드 허브힐링센터,15,축제공연행사,5.0,0
10,허브아일랜드 허브힐링센터,25,여행코스,5.0,0
10,허브아일랜드 허브힐링센터,28,레포츠,5.0,7
10,허브아일랜드 허브힐링센터,32,숙박,5.0,0
10,허브아일랜드 허브힐링센터,38,쇼핑,5.0,0
10,허브아일랜드 허브힐링센터,39,음식점,5.0,2
11,아쿠아필드 고양,12,관광지,5.0,10
11,아쿠아필드 고양,14,문화시설,5.0,0
11,아쿠아필드 고양,15,축제공연행사,5.0,0
11,아쿠아필드 고양,25,여행코스,5.0,0
11,아쿠아필드 고양,28,레포츠,5.0,9
11,아쿠아필드 고양,32,숙박,5.0,18
11,아쿠아필드 고양,38,쇼핑,5.0,1
11,아쿠아필드 고양,39,음식점,5.0,57
12,힐리언스 선마을,12,관광지,5.0,5
12,힐리언스 선마을,14,문화시설,5.0,0
12,힐리언스 선마을,15,축제공연행사,5.0,0
12,힐리언스 선마을,25,여행코스,5.0,0
12,힐리언스 선마을,28,레포츠,5.0,4
12,힐리언스 선마을,32,숙박,5.0,8
12,힐리언스 선마을,38,쇼핑,5.0,0
12,힐리언스 선마을,39,음식점,5.0,2
13,동해무릉건강숲,12,관광지,5.0,6
13,동해무릉건강숲,14,문화시설,5.0,0
13,동해무릉건강숲,15,축제공연행사,5.0,0
13,동해무릉건강숲,25,여행코스,5.0,0
13,동해무릉건강숲,28,레포츠,5.0,2
13,동해무릉건강숲,32,숙박,5.0,0
13,동해무릉건강숲,38,쇼핑,5.0,0
13,동해무릉건강숲,39,음식점,5.0,2
14,파크로쉬 리조트앤웰니스,12,관광지,5.0,2
14,파크로쉬 리조트앤웰니스,14,문화시설,5.0,0
14,파크로쉬 리조트앤웰니스,15,축제공연행사,5.0,0
14,파크로쉬 리조트앤웰니스,25,여행코스,5.0,0
14,파크로쉬 리조트앤웰니스,28,레포츠,5.0,0
14,파크로쉬 리조트앤웰니스,32,숙박,5.0,0
14,파크로쉬 리조트앤웰니스,38,쇼핑,5.0,0
14,파크로쉬 리조트앤웰니스,39,음식점,5.0,0
15,뮤지엄SAN 명상관,12,관광지,5.0,1
15,뮤지엄SAN 명상관,14,문화시설,5.0,0
15,뮤지엄SAN 명상관,15,축제공연행사,5.0,0
15,뮤지엄SAN 명상관,25,여행코스,5.0,0
15,뮤지엄SAN 명상관,28,레포츠,5.0,6
15,뮤지엄SAN 명상관,32,숙박,5.0,0
15,뮤지엄SAN 명상관,38,쇼핑,5.0,0
15,뮤지엄SAN 명상관,39,음식점,5.0,2
16,용평리조트 발왕산,12,관광지,5.0,11
16,용평리조트 발왕산,14,문화시설,5.0,3
16,용평리조트 발왕산,15,축제공연행사,5.0,0
16,용평리조트 발왕산,25,여행코스,5.0,0
16,용평리조트 발왕산,28,레포츠,5.0,8
16,용평리조트 발왕산,32,숙박,5.0,12
16,용평리조트 발왕산,38,쇼핑,5.0,0
16,용평리조트 발왕산,39,음식점,5.0,40
17,오색그린야드호텔,12,관광지,5.0,7
17,오색그린야드호텔,14,문화시설,5.0,0
17,오색그린야드호텔,15,축제공연행사,5.0,0
17,오색그린야드호텔,25,여행코스,5.0,0
17,오색그린야드호텔,28,레포츠,5.0,0
17,오색그린야드호텔,32,숙박,5.0,0
17,오색그린야드호텔,38,쇼핑,5.0,0
17,오색그린야드호텔,39,음식점,5.0,1
18,깊은산속 옹달샘,12,관광지,5.0,9
18,깊은산속 옹달샘,14,문화시설,5.0,0
18,깊은산속 옹달샘,15,축제공연행사,5.0,0
18,깊은산속 옹달샘,25,여행코스,5.0,0
18,깊은산속 옹달샘,28,레포츠,5.0,3
18,깊은산속 옹달샘,32,숙박,5.0,0
18,깊은산속 옹달샘,38,쇼핑,5.0,0
18,깊은산속 옹달샘,39,음식점,5.0,2
19,포레스트 리솜 해브나인 힐링스파,12,관광지,5.0,2
19,포레스트 리솜 해브나인 힐링스파,14,문화시설,5.0,1
19,포레스트 리솜 해브나인 힐링스파,15,축제공연행사,5.0,0
19,포레스트 리솜 해브나인 힐링스파,25,여행코스,5.0,0
19,포레스트 리솜 해브나인 힐링스파,28,레포츠,5.0,1
19,포레스트 리솜 해브나인 힐링스파,32,숙박,5.0,1
19,포레스트 리솜 해브나인 힐링스파,38,쇼핑,5.0,1
19,포레스트 리솜 해브나인 힐링스파,39,음식점,5.0,2
20,팜카밀레,12,관광지,5.0,9
20,팜카밀레,14,문화시설,5.0,0
20,팜카밀레,15,축제공연행사,5.0,0
20,팜카밀레,25,여행코스,5.0,0
20,팜카밀레,28,레포츠,5.0,6
20,팜카밀레,32,숙박,5.0,7
20,팜카밀레,38,쇼핑,5.0,1
20,팜카밀레,39,음식점,5.0,0
21,파라다이스 스파 도고,12,관광지,5.0,6
21,파라다이스 스파 도고,14,문화시설,5.0,1
21,파라다이스 스파 도고,15,축제공연행사,5.0,0
21,파라다이스 스파 도고,25,여행코스,5.0,0
21,파라다이스 스파 도고,28,레포츠,5.0,8
21,파라다이스 스파 도고,32,숙박,5.0,2
21,파라다이스 스파 도고,38,쇼핑,5.0,0
21,파라다이스 스파 도고,39,음식점,5.0,2
22,에덴힐스 뷰티&힐링파크,12,관광지,5.0,4
22,에덴힐스 뷰티&힐링파크,14,문화시설,5.0,1
22,에덴힐스 뷰티&힐링파크,15,축제공연행사,5.0,0
22,에덴힐스 뷰티&힐링파크,25,여행코스,5.0,0
22,에덴힐스 뷰티&힐링파크,28,레포츠,5.0,2
22,에덴힐스 뷰티&힐링파크,32,숙박,5.0,0
22,에덴힐스 뷰티&힐링파크,38,쇼핑,5.0,0
22,에덴힐스 뷰티&힐링파크,39,음식점,5.0,0
23,진안홍삼스파,12,관광지,5.0,12
23,진안홍삼스파,14,문화시설,5.0,2
23,진안홍삼스파,15,축제공연행사,5.0,0
23,진안홍삼스파,25,여행코스,5.0,0
23,진안홍삼스파,28,레포츠,5.0,0
23,진안홍삼스파,32,숙박,5.0,0
23,진안홍삼스파,38,쇼핑,5.0,1
23,진안홍삼스파,39,음식점,5.0,3
24,순천만국가정원&순천만습지,12,관광지,5.0,12
24,순천만국가정원&순천만습지,14,문화시설,5.0,5
24,순천만국가정원&순천만습지,15,축제공연행사,5.0,0
24,순천만국가정원&순천만습지,25,여행코스,5.0,0
24,순천만국가정원&순천만습지,28,레포츠,5.0,0
24,순천만국가정원&순천만습지,32,숙박,5.0,16
24,순천만국가정원&순천만습지,38,쇼핑,5.0,1
24,순천만국가정원&순천만습지,39,음식점,5.0,21
25,정남진 편백숲 우드랜드,12,관광지,5.0,3
25,정남진 편백숲 우드랜드,14,문화시설,5.0,4
25,정남진 편백숲 우드랜드,15,축제공연행사,5.0,0
25,정남진 편백숲 우드랜드,25,여행코스,5.0,0
25,정남진 편백숲 우드랜드,28,레포츠,5.0,0
25,정남진 편백숲 우드랜드,32,숙박,5.0,1
25,정남진 편백숲 우드랜드,38,쇼핑,5.0,1
25,정남진 편백숲 우드랜드,39,음식점,5.0,7
26,태평염전 해양힐링스파,12,관광지,5.0,7
26,태평염전 해양힐링스파,14,문화시설,5.0,2
26,태평염전 해양힐링스파,15,축제공연행사,5.0,0
26,태평염전 해양힐링스파,25,여행코스,5.0,0
26,태평염전 해양힐링스파,28,레포츠,5.0,1
26,태평염전 해양힐링스파,32,숙박,5.0,0
26,태평염전 해양힐링스파,38,쇼핑,5.0,0
26,태평염전 해양힐링스파,39,음식점,5.0,5
27,전남권환경성질환예방관리센터,12,관광지,5.0,1
27,전남권환경성질환예방관리센터,14,문화시설,5.0,0
27,전남권환경성질환예방관리센터,15,축제공연행사,5.0,0
27,전남권환경성질환예방관리센터,25,여행코스,5.0,0
27,전남권환경성질환예방관리센터,28,레포츠,5.0,1
27,전남권환경성질환예방관리센터,32,숙박,5.0,1
27,전남권환경성질환예방관리센터,38,쇼핑,5.0,0
27,전남권환경성질환예방관리센터,39,음식점,5.0,1
28,국립장성숲체원,12,관광지,5.0,10
28,국립장성숲체원,14,문화시설,5.0,3
28,국립장성숲체원,15,축제공연행사,5.0,0
28,국립장성숲체원,25,여행코스,5.0,0
28,국립장성숲체원,28,레포츠,5.0,1
28,국립장성숲체원,32,숙박,5.0,0
28,국립장성숲체원,38,쇼핑,5.0,0
28,국립장성숲체원,39,음식점,5.0,5
29,인문힐링센터 여명,12,관광지,5.0,3
29,인문힐링센터 여명,14,문화시설,5.0,0
29,인문힐링센터 여명,15,축제공연행사,5.0,0
29,인문힐링센터 여명,25,여행코스,5.0,0
29,인문힐링센터 여명,28,레포츠,5.0,0
29,인문힐링센터 여명,32,숙박,5.0,0
29,인문힐링센터 여명,38,쇼핑,5.0,0
29,인문힐링센터 여명,39,음식점,5.0,0
30,국립김천치유의숲,12,관광지,5.0,5
30,국립김천치유의숲,14,문화시설,5.0,0
30,국립김천치유의숲,15,축제공연행사,5.0,0
30,국립김천치유의숲,25,여행코스,5.0,0
30,국립김천치유의숲,28,레포츠,5.0,1
30,국립김천치유의숲,32,숙박,5.0,0
30,국립김천치유의숲,38,쇼핑,5.0,0
30,국립김천치유의숲,39,음식점,5.0,0
31,국립산림치유원,12,관광지,5.0,3
31,국립산림치유원,14,문화시설,5.0,0
31,국립산림치유원,15,축제공연행사,5.0,0
31,국립산림치유원,25,여행코스,5.0,0
31,국립산림치유원,28,레포츠,5.0,0
31,국립산림치유원,32,숙박,5.0,0
31,국립산림치유원,38,쇼핑,5.0,0
31,국립산림치유원,39,음식점,5.0,2
32,하늘호수,12,관광지,5.0,8
32,하늘호수,14,문화시설,5.0,0
32,하늘호수,15,축제공연행사,5.0,0
32,하늘호수,25,여행코스,5.0,0
32,하늘호수,28,레포츠,5.0,6
32,하늘호수,32,숙박,5.0,0
32,하늘호수,38,쇼핑,5.0,0
32,하늘호수,39,음식점,5.0,2
33,산청 동의보감촌,12,관광지,5.0,13
33,산청 동의보감촌,14,문화시설,5.0,0
33,산청 동의보감촌,15,축제공연행사,5.0,0
33,산청 동의보감촌,25,여행코스,5.0,0
33,산청 동의보감촌,28,레포츠,5.0,1
33,산청 동의보감촌,32,숙박,5.0,1
33,산청 동의보감촌,38,쇼핑,5.0,0
33,산청 동의보감촌,39,음식점,5.0,2
34,한화리조트 거제 벨버디어 웰니스,12,관광지,5.0,8
34,한화리조트 거제 벨버디어 웰니스,14,문화시설,5.0,1
34,한화리조트 거제 벨버디어 웰니스,15,축제공연행사,5.0,0
34,한화리조트 거제 벨버디어 웰니스,25,여행코스,5.0,0
34,한화리조트 거제 벨버디어 웰니스,28,레포츠,5.0,4
34,한화리조트 거제 벨버디어 웰니스,32,숙박,5.0,1
34,한화리조트 거제 벨버디어 웰니스,38,쇼핑,5.0,0
34,한화리조트 거제 벨버디어 웰니스,39,음식점,5.0,9
35,오도산 치유의 숲,12,관광지,5.0,1
35,오도산 치유의 숲,14,문화시설,5.0,0
35,오도산 치유의 숲,15,축제공연행사,5.0,0
35,오도산 치유의 숲,25,여행코스,5.0,0
35,오도산 치유의 숲,28,레포츠,5.0,1
35,오도산 치유의 숲,32,숙박,5.0,0
35,오도산 치유의 숲,38,쇼핑,5.0,0
35,오도산 치유의 숲,39,음식점,5.0,0
36,나폴리농원,12,관광지,5.0,43
36,나폴리농원,14,문화시설,5.0,2
36,나폴리농원,15,축제공연행사,5.0,0
36,나폴리농원,25,여행코스,5.0,0
36,나폴리농원,28,레포츠,5.0,12
36,나폴리농원,32,숙박,5.0,12
36,나폴리농원,38,쇼핑,5.0,2
36,나폴리농원,39,음식점,5.0,42
37,WE호텔 웰니스센터,12,관광지,5.0,8
37,WE호텔 웰니스센터,14,문화시설,5.0,3
37,WE호텔 웰니스센터,15,축제공연행사,5.0,0
37,WE호텔 웰니스센터,25,여행코스,5.0,0
37,WE호텔 웰니스센터,28,레포츠,5.0,1
37,WE호텔 웰니스센터,32,숙박,5.0,2
37,WE호텔 웰니스센터,38,쇼핑,5.0,2
37,WE호텔 웰니스센터,39,음식점,5.0,28
38,서귀포 치유의 숲,12,관광지,5.0,7
38,서귀포 치유의 숲,14,문화시설,5.0,1
38,서귀포 치유의 숲,15,축제공연행사,5.0,0
38,서귀포 치유의 숲,25,여행코스,5.0,0
38,서귀포 치유의 숲,28,레포츠,5.0,1
38,서귀포 치유의 숲,32,숙박,5.0,3
38,서귀포 치유의 숲,38,쇼핑,5.0,0
38,서귀포 치유의 숲,39,음식점,5.0,6
39,취다선 리조트,12,관광지,5.0,19
39,취다선 리조트,14,문화시설,5.0,3
39,취다선 리조트,15,축제공연행사,5.0,0
39,취다선 리조트,25,여행코스,5.0,0
39,취다선 리조트,28,레포츠,5.0,3
39,취다선 리조트,32,숙박,5.0,4
39,취다선 리조트,38,쇼핑,5.0,2
39,취다선 리조트,39,음식점,5.0,40
40,서울한방진흥센터,12,관광지,5.0,94
40,서울한방진흥센터,14,문화시설,5.0,58
40,서울한방진흥센터,15,축제공연행사,5.0,16
40,서울한방진흥센터,25,여행코스,5.0,0
40,서울한방진흥센터,28,레포츠,5.0,4
40,서울한방진흥센터,32,숙박,5.0,88
40,서울한방진흥센터,38,쇼핑,5.0,47
40,서울한방진흥센터,39,음식점,5.0,265
41,더스파 앳 파라다이스,12,관광지,5.0,9
41,더스파 앳 파라다이스,14,문화시설,5.0,0
41,더스파 앳 파라다이스,15,축제공연행사,5.0,0
41,더스파 앳 파라다이스,25,여행코스,5.0,0
41,더스파 앳 파라다이스,28,레포츠,5.0,0
41,더스파 앳 파라다이스,32,숙박,5.0,2
41,더스파 앳 파라다이스,38,쇼핑,5.0,0
41,더스파 앳 파라다이스,39,음식점,5.0,17
42,로미지안 가든,12,관광지,5.0,2
42,로미지안 가든,14,문화시설,5.0,1
42,로미지안 가든,15,축제공연행사,5.0,0
42,로미지안 가든,25,여행코스,5.0,0
42,로미지안 가든,28,레포츠,5.0,0
42,로미지안 가든,32,숙박,5.0,0
42,로미지안 가든,38,쇼핑,5.0,0
42,로미지안 가든,39,음식점,5.0,1
43,하이원 리조트,12,관광지,5.0,2
43,하이원 리조트,14,문화시설,5.0,0
43,하이원 리조트,15,축제공연행사,5.0,0
43,하이원 리조트,25,여행코스,5.0,0
43,하이원 리조트,28,레포츠,5.0,9
43,하이원 리조트,32,숙박,5.0,4
43,하이원 리조트,38,쇼핑,5.0,2
43,하이원 리조트,39,음식점,5.0,1
44,금강송 에코리움,12,관광지,5.0,0
44,금강송 에코리움,14,문화시설,5.0,0
44,금강송 에코리움,15,축제공연행사,5.0,0
44,금강송 에코리움,25,여행코스,5.0,0
44,금강송 에코리움,28,레포츠,5.0,1
44,금강송 에코리움,32,숙박,5.0,0
44,금강송 에코리움,38,쇼핑,5.0,0
44,금강송 에코리움,39,음식점,5.0,0
45,좌구산 자연휴양림,12,관광지,5.0,6
45,좌구산 자연휴양림,14,문화시설,5.0,0
45,좌구산 자연휴양림,15,축제공연행사,5.0,0
45,좌구산 자연휴양림,25,여행코스,5.0,0
45,좌구산 자연휴양림,28,레포츠,5.0,3
45,좌구산 자연휴양림,32,숙박,5.0,1
45,좌구산 자연휴양림,38,쇼핑,5.0,0
45,좌구산 자연휴양림,39,음식점,5.0,3
46,구이안덕건강힐링체험마을,12,관광지,5.0,6
46,구이안덕건강힐링체험마을,14,문화시설,5.0,2
46,구이안덕건강힐링체험마을,15,축제공연행사,5.0,0
46,구이안덕건강힐링체험마을,25,여행코스,5.0,0
46,구이안덕건강힐링체험마을,28,레포츠,5.0,2
46,구이안덕건강힐링체험마을,32,숙박,5.0,0
46,구이안덕건강힐링체험마을,38,쇼핑,5.0,0
46,구이안덕건강힐링체험마을,39,음식점,5.0,5
47,메이필드호텔 서울,12,관광지,5.0,19
47,메이필드호텔 서울,14,문화시설,5.0,7
47,메이필드호텔 서울,15,축제공연행사,5.0,2
47,메이필드호텔 서울,25,여행코스,5.0,0
47,메이필드호텔 서울,28,레포츠,5.0,6
47,메이필드호텔 서울,32,숙박,5.0,4
47,메이필드호텔 서울,38,쇼핑,5.0,10
47,메이필드호텔 서울,39,음식점,5.0,54
48,이문원한의원,12,관광지,5.0,51
48,이문원한의원,14,문화시설,5.0,48
48,이문원한의원,15,축제공연행사,5.0,14
48,이문원한의원,25,여행코스,5.0,0
48,이문원한의원,28,레포츠,5.0,10
48,이문원한의원,32,숙박,5.0,50
48,이문원한의원,38,쇼핑,5.0,20
48,이문원한의원,39,음식점,5.0,389
49,뷰라운지,12,관광지,5.0,29
49,뷰라운지,14,문화시설,5.0,17
49,뷰라운지,15,축제공연행사,5.0,2
49,뷰라운지,25,여행코스,5.0,0
49,뷰라운지,28,레포츠,5.0,4
49,뷰라운지,32,숙박,5.0,6
49,뷰라운지,38,쇼핑,5.0,7
49,뷰라운지,39,음식점,5.0,49
50,동해보양온천컨벤션호텔,12,관광지,5.0,10
50,동해보양온천컨벤션호텔,14,문화시설,5.0,1
50,동해보양온천컨벤션호텔,15,축제공연행사,5.0,1
50,동해보양온천컨벤션호텔,25,여행코스,5.0,0
50,동해보양온천컨벤션호텔,28,레포츠,5.0,1
50,동해보양온천컨벤션호텔,32,숙박,5.0,3
50,동해보양온천컨벤션호텔,38,쇼핑,5.0,1
50,동해보양온천컨벤션호텔,39,음식점,5.0,7
51,설해원,12,관광지,5.0,3
51,설해원,14,문화시설,5.0,1
51,설해원,15,축제공연행사,5.0,2
51,설해원,25,여행코스,5.0,0
51,설해원,28,레포츠,5.0,4
51,설해원,32,숙박,5.0,2
51,설해원,38,쇼핑,5.0,0
51,설해원,39,음식점,5.0,9
52,거창 항노화힐링랜드,12,관광지,5.0,4
52,거창 항노화힐링랜드,14,문화시설,5.0,0
52,거창 항노화힐링랜드,15,축제공연행사,5.0,0
52,거창 항노화힐링랜드,25,여행코스,5.0,0
52,거창 항노화힐링랜드,28,레포츠,5.0,1
52,거창 항노화힐링랜드,32,숙박,5.0,0
52,거창 항노화힐링랜드,38,쇼핑,5.0,0
52,거창 항노화힐링랜드,39,음식점,5.0,1
53,태권도원 상징지구,12,관광지,5.0,2
53,태권도원 상징지구,14,문화시설,5.0,0
53,태권도원 상징지구,15,축제공연행사,5.0,0
53,태권도원 상징지구,25,여행코스,5.0,0
53,태권도원 상징지구,28,레포츠,5.0,1
53,태권도원 상징지구,32,숙박,5.0,0
53,태권도원 상징지구,38,쇼핑,5.0,0
53,태권도원 상징지구,39,음식점,5.0,0
54,환상숲곶자왈공원,12,관광지,5.0,15
54,환상숲곶자왈공원,14,문화시설,5.0,2
54,환상숲곶자왈공원,15,축제공연행사,5.0,0
54,환상숲곶자왈공원,25,여행코스,5.0,0
54,환상숲곶자왈공원,28,레포츠,5.0,4
54,환상숲곶자왈공원,32,숙박,5.0,2
54,환상숲곶자왈공원,38,쇼핑,5.0,0
54,환상숲곶자왈공원,39,음식점,5.0,8
55,제주901,12,관광지,5.0,12
55,제주901,14,문화시설,5.0,5
55,제주901,15,축제공연행사,5.0,0
55,제주901,25,여행코스,5.0,0
55,제주901,28,레포츠,5.0,2
55,제주901,32,숙박,5.0,9
55,제주901,38,쇼핑,5.0,1
55,제주901,39,음식점,5.0,42
56,산림힐링재단(하이힐링원),12,관광지,5.0,2
56,산림힐링재단(하이힐링원),14,문화시설,5.0,0
56,산림힐링재단(하이힐링원),15,축제공연행사,5.0,0
56,산림힐링재단(하이힐링원),25,여행코스,5.0,0
56,산림힐링재단(하이힐링원),28,레포츠,5.0,1
56,산림힐링재단(하이힐링원),32,숙박,5.0,0
56,산림힐링재단(하이힐링원),38,쇼핑,5.0,0
56,산림힐링재단(하이힐링원),39,음식점,5.0,0
57,삼척 활기 치유의숲,12,관광지,5.0,3
57,삼척 활기 치유의숲,14,문화시설,5.0,0
57,삼척 활기 치유의숲,15,축제공연행사,5.0,0
57,삼척 활기 치유의숲,25,여행코스,5.0,0
57,삼척 활기 치유의숲,28,레포츠,5.0,0
57,삼척 활기 치유의숲,32,숙박,5.0,0
57,삼척 활기 치유의숲,38,쇼핑,5.0,0
57,삼척 활기 치유의숲,39,음식점,5.0,0
58,숲애서,12,관광지,5.0,4
58,숲애서,14,문화시설,5.0,0
58,숲애서,15,축제공연행사,5.0,0
58,숲애서,25,여행코스,5.0,0
58,숲애서,28,레포츠,5.0,1
58,숲애서,32,숙박,5.0,0
58,숲애서,38,쇼핑,5.0,0
58,숲애서,39,음식점,5.0,2
59,국립칠곡숲체원,12,관광지,5.0,7
59,국립칠곡숲체원,14,문화시설,5.0,0
59,국립칠곡숲체원,15,축제공연행사,5.0,0
59,국립칠곡숲체원,25,여행코스,5.0,0
59,국립칠곡숲체원,28,레포츠,5.0,1
59,국립칠곡숲체원,32,숙박,5.0,0
59,국립칠곡숲체원,38,쇼핑,5.0,0
59,국립칠곡숲체원,39,음식점,5.0,1
60,테라피 스파 소베,12,관광지,5.0,10
60,테라피 스파 소베,14,문화시설,5.0,7
60,테라피 스파 소베,15,축제공연행사,5.0,0
60,테라피 스파 소베,25,여행코스,5.0,0
60,테라피 스파 소베,28,레포츠,5.0,2
60,테라피 스파 소베,32,숙박,5.0,3
60,테라피 스파 소베,38,쇼핑,5.0,3
60,테라피 스파 소베,39,음식점,5.0,37
61,더 스파 하스타,12,관광지,5.0,7
61,더 스파 하스타,14,문화시설,5.0,1
61,더 스파 하스타,15,축제공연행사,5.0,1
61,더 스파 하스타,25,여행코스,5.0,0
61,더 스파 하스타,28,레포츠,5.0,3
61,더 스파 하스타,32,숙박,5.0,0
61,더 스파 하스타,38,쇼핑,5.0,0
61,더 스파 하스타,39,음식점,5.0,52
62,현대요트 인천,12,관광지,5.0,4
62,현대요트 인천,14,문화시설,5.0,0
62,현대요트 인천,15,축제공연행사,5.0,1
62,현대요트 인천,25,여행코스,5.0,0
62,현대요트 인천,28,레포츠,5.0,3
62,현대요트 인천,32,숙박,5.0,2
62,현대요트 인천,38,쇼핑,5.0,0
62,현대요트 인천,39,음식점,5.0,11
63,제원 하늘농원,12,관광지,5.0,9
63,제원 하늘농원,14,문화시설,5.0,2
63,제원 하늘농원,15,축제공연행사,5.0,1
63,제원 하늘농원,25,여행코스,5.0,0
63,제원 하늘농원,28,레포츠,5.0,7
63,제원 하늘농원,32,숙박,5.0,2
63,제원 하늘농원,38,쇼핑,5.0,0
63,제원 하늘농원,39,음식점,5.0,17
64,국립제천치유의숲,12,관광지,5.0,4
64,국립제천치유의숲,14,문화시설,5.0,0
64,국립제천치유의숲,15,축제공연행사,5.0,0
64,국립제천치유의숲,25,여행코스,5.0,0
64,국립제천치유의숲,28,레포츠,5.0,0
64,국립제천치유의숲,32,숙박,5.0,0
64,국립제천치유의숲,38,쇼핑,5.0,0
64,국립제천치유의숲,39,음식점,5.0,1
65,금풍양조장,12,관광지,5.0,8
65,금풍양조장,14,문화시설,5.0,4
65,금풍양조장,15,축제공연행사,5.0,1
65,금풍양조장,25,여행코스,5.0,1
65,금풍양조장,28,레포츠,5.0,10
65,금풍양조장,32,숙박,5.0,0
65,금풍양조장,38,쇼핑,5.0,3
65,금풍양조장,39,음식점,5.0,27
66,경원재,12,관광지,5.0,7
66,경원재,14,문화시설,5.0,1
66,경원재,15,축제공연행사,5.0,1
66,경원재,25,여행코스,5.0,0
66,경원재,28,레포츠,5.0,3
66,경원재,32,숙박,5.0,0
66,경원재,38,쇼핑,5.0,0
66,경원재,39,음식점,5.0,51
67,미리내 힐빙클럽,12,관광지,5.0,10
67,미리내 힐빙클럽,14,문화시설,5.0,1
67,미리내 힐빙클럽,15,축제공연행사,5.0,1
67,미리내 힐빙클럽,25,여행코스,5.0,0
67,미리내 힐빙클럽,28,레포츠,5.0,3
67,미리내 힐빙클럽,32,숙박,5.0,2
67,미리내 힐빙클럽,38,쇼핑,5.0,2
67,미리내 힐빙클럽,39,음식점,5.0,3
68,오크밸리,12,관광지,5.0,0
68,오크밸리,14,문화시설,5.0,0
68,오크밸리,15,축제공연행사,5.0,0
68,오크밸리,25,여행코스,5.0,0
68,오크밸리,28,레포츠,5.0,6
68,오크밸리,32,숙박,5.0,0
68,오크밸리,38,쇼핑,5.0,0
68,오크밸리,39,음식점,5.0,2
69,소백산생태탐방원,12,관광지,5.0,0
69,소백산생태탐방원,14,문화시설,5.0,0
69,소백산생태탐방원,15,축제공연행사,5.0,0
69,소백산생태탐방원,25,여행코스,5.0,0
69,소백산생태탐방원,28,레포츠,5.0,0
69,소백산생태탐방원,32,숙박,5.0,0
69,소백산생태탐방원,38,쇼핑,5.0,0
69,소백산생태탐방원,39,음식점,5.0,0
70,레인보우 힐링센터,12,관광지,5.0,4
70,레인보우 힐링센터,14,문화시설,5.0,1
70,레인보우 힐링센터,15,축제공연행사,5.0,1
70,레인보우 힐링센터,25,여행코스,5.0,0
70,레인보우 힐링센터,28,레포츠,5.0,0
70,레인보우 힐링센터,32,숙박,5.0,0
70,레인보우 힐링센터,38,쇼핑,5.0,1
70,레인보우 힐링센터,39,음식점,5.0,5
71,아원고택,12,관광지,5.0,10
71,아원고택,14,문화시설,5.0,2
71,아원고택,15,축제공연행사,5.0,1
71,아원고택,25,여행코스,5.0,0
71,아원고택,28,레포츠,5.0,1
71,아원고택,32,숙박,5.0,2
71,아원고택,38,쇼핑,5.0,0
71,아원고택,39,음식점,5.0,3
72,쉴(SHIL)랜드,12,관광지,5.0,0
72,쉴(SHIL)랜드,14,문화시설,5.0,0
72,쉴(SHIL)랜드,15,축제공연행사,5.0,0
72,쉴(SHIL)랜드,25,여행코스,5.0,0
72,쉴(SHIL)랜드,28,레포츠,5.0,0
72,쉴(SHIL)랜드,32,숙박,5.0,0
72,쉴(SHIL)랜드,38,쇼핑,5.0,0
72,쉴(SHIL)랜드,39,음식점,5.0,0
73,완도 해양치유센터,12,관광지,5.0,2
73,완도 해양치유센터,14,문화시설,5.0,0
73,완도 해양치유센터,15,축제공연행사,5.0,0
73,완도 해양치유센터,25,여행코스,5.0,0
73,완도 해양치유센터,28,레포츠,5.0,1
73,완도 해양치유센터,32,숙박,5.0,0
73,완도 해양치유센터,38,쇼핑,5.0,0
73,완도 해양치유센터,39,음식점,5.0,0
74,사유원,12,관광지,5.0,3
74,사유원,14,문화시설,5.0,0
74,사유원,15,축제공연행사,5.0,0
74,사유원,25,여행코스,5.0,0
74,사유원,28,레포츠,5.0,2
74,사유원,32,숙박,5.0,1
74,사유원,38,쇼핑,5.0,0
74,사유원,39,음식점,5.0,0
75,한국전통문화체험관,12,관광지,5.0,26
75,한국전통문화체험관,14,문화시설,5.0,17
75,한국전통문화체험관,15,축제공연행사,5.0,2
75,한국전통문화체험관,25,여행코스,5.0,0
75,한국전통문화체험관,28,레포츠,5.0,4
75,한국전통문화체험관,32,숙박,5.0,5
75,한국전통문화체험관,38,쇼핑,5.0,8
75,한국전통문화체험관,39,음식점,5.0,49
76,클럽디오아시스,12,관광지,5.0,23
76,클럽디오아시스,14,문화시설,5.0,6
76,클럽디오아시스,15,축제공연행사,5.0,8
76,클럽디오아시스,25,여행코스,5.0,0
76,클럽디오아시스,28,레포츠,5.0,8
76,클럽디오아시스,32,숙박,5.0,28
76,클럽디오아시스,38,쇼핑,5.0,6
76,클럽디오아시스,39,음식점,5.0,79
77,JW 메리어트 제주,12,관광지,5.0,24
77,JW 메리어트 제주,14,문화시설,5.0,7
77,JW 메리어트 제주,15,축제공연행사,5.0,3
77,JW 메리어트 제주,25,여행코스,5.0,0
77,JW 메리어트 제주,28,레포츠,5.0,6
77,JW 메리어트 제주,32,숙박,5.0,10
77,JW 메리어트 제주,38,쇼핑,5.0,3
77,JW 메리어트 제주,39,음식점,5.0,39
78,하이디하우스,12,관광지,5.0,28
78,하이디하우스,14,문화시설,5.0,27
78,하이디하우스,15,축제공연행사,5.0,8
78,하이디하우스,25,여행코스,5.0,0
78,하이디하우스,28,레포츠,5.0,8
78,하이디하우스,32,숙박,5.0,22
78,하이디하우스,38,쇼핑,5.0,10
78,하이디하우스,39,음식점,5.0,113
79,트리비움,12,관광지,5.0,8
79,트리비움,14,문화시설,5.0,2
79,트리비움,15,축제공연행사,5.0,1
79,트리비움,25,여행코스,5.0,0
79,트리비움,28,레포츠,5.0,3
79,트리비움,32,숙박,5.0,1
79,트리비움,38,쇼핑,5.0,2
79,트리비움,39,음식점,5.0,22
80,약석원,12,관광지,5.0,2
80,약석원,14,문화시설,5.0,2
80,약석원,15,축제공연행사,5.0,0
80,약석원,25,여행코스,5.0,0
80,약석원,28,레포츠,5.0,8
80,약석원,32,숙박,5.0,2
80,약석원,38,쇼핑,5.0,0
80,약석원,39,음식점,5.0,11
81,차덕분,12,관광지,5.0,18
81,차덕분,14,문화시설,5.0,4
81,차덕분,15,축제공연행사,5.0,2
81,차덕분,25,여행코스,5.0,0
81,차덕분,28,레포츠,5.0,4
81,차덕분,32,숙박,5.0,3
81,차덕분,38,쇼핑,5.0,1
81,차덕분,39,음식점,5.0,44
82,하동야생차문화센터,12,관광지,5.0,9
82,하동야생차문화센터,14,문화시설,5.0,0
82,하동야생차문화센터,15,축제공연행사,5.0,0
82,하동야생차문화센터,25,여행코스,5.0,0
82,하동야생차문화센터,28,레포츠,5.0,5
82,하동야생차문화센터,32,숙박,5.0,1
82,하동야생차문화센터,38,쇼핑,5.0,0
82,하동야생차문화센터,39,음식점,5.0,13
83,에스엠비 웰니스 센터,12,관광지,5.0,3
83,에스엠비 웰니스 센터,14,문화시설,5.0,2
83,에스엠비 웰니스 센터,15,축제공연행사,5.0,1
83,에스엠비 웰니스 센터,25,여행코스,5.0,0
83,에스엠비 웰니스 센터,28,레포츠,5.0,3
83,에스엠비 웰니스 센터,32,숙박,5.0,0
83,에스엠비 웰니스 센터,38,쇼핑,5.0,1
83,에스엠비 웰니스 센터,39,음식점,5.0,47
84,고창웰파크시티,12,관광지,5.0,9
84,고창웰파크시티,14,문화시설,5.0,3
84,고창웰파크시티,15,축제공연행사,5.0,0
84,고창웰파크시티,25,여행코스,5.0,0
84,고창웰파크시티,28,레포츠,5.0,1
84,고창웰파크시티,32,숙박,5.0,0
84,고창웰파크시티,38,쇼핑,5.0,0
84,고창웰파크시티,39,음식점,5.0,5
85,대흥사,12,관광지,5.0,11
85,대흥사,14,문화시설,5.0,0
85,대흥사,15,축제공연행사,5.0,0
85,대흥사,25,여행코스,5.0,0
85,대흥사,28,레포츠,5.0,0
85,대흥사,32,숙박,5.0,7
85,대흥사,38,쇼핑,5.0,0
85,대흥사,39,음식점,5.0,0
86,전라남도 마음건강치유센터,12,관광지,5.0,2
86,전라남도 마음건강치유센터,14,문화시설,5.0,1
86,전라남도 마음건강치유센터,15,축제공연행사,5.0,0
86,전라남도 마음건강치유센터,25,여행코스,5.0,0
86,전라남도 마음건강치유센터,28,레포츠,5.0,1
86,전라남도 마음건강치유센터,32,숙박,5.0,1
86,전라남도 마음건강치유센터,38,쇼핑,5.0,1
86,전라남도 마음건강치유센터,39,음식점,5.0,7
87,교래자연휴양림,12,관광지,5.0,12
87,교래자연휴양림,14,문화시설,5.0,0
87,교래자연휴양림,15,축제공연행사,5.0,0
87,교래자연휴양림,25,여행코스,5.0,0
87,교래자연휴양림,28,레포츠,5.0,3
87,교래자연휴양림,32,숙박,5.0,1
87,교래자연휴양림,38,쇼핑,5.0,0
87,교래자연휴양림,39,음식점,5.0,6
88,해비치호텔앤드리조트,12,관광지,5.0,5
88,해비치호텔앤드리조트,14,문화시설,5.0,1
88,해비치호텔앤드리조트,15,축제공연행사,5.0,0
88,해비치호텔앤드리조트,25,여행코스,5.0,0
88,해비치호텔앤드리조트,28,레포츠,5.0,1
88,해비치호텔앤드리조트,32,숙박,5.0,2
88,해비치호텔앤드리조트,38,쇼핑,5.0,1
88,해비치호텔앤드리조트,39,음식점,5.0,5
