번호,시설명,type,dong_adm_cd
1,티테라피,facility,11060870
2,SPA 1899 동인비,facility,11020550
3,여용국 한방스파,facility,11240710
4,올리바인 스파,facility,11010570
5,비스타 워커힐 웰니스클럽,facility,11050630
6,스파랜드 센텀시티,facility,21090740
7,리조트 스파밸리,facility,22510310
8,파라다이스시티 씨메르,facility,23010640
9,국립대운산치유의숲,facility,26510130
10,허브아일랜드 허브힐링센터,facility,31080580
11,아쿠아필드 고양,facility,31101580
12,힐리언스 선마을,facility,32510370
13,동해무릉건강숲,facility,32040650
14,파크로쉬 리조트앤웰니스,facility,32550340
15,뮤지엄SAN 명상관,facility,32020330
16,용평리조트 발왕산,facility,32540370
17,오색그린야드호텔,facility,32610310
18,깊은산속 옹달샘,facility,33020350
19,포레스트 리솜 해브나인 힐링스파,facility,33030360
20,팜카밀레,facility,34580320
21,파라다이스 스파 도고,facility,34040390
22,에덴힐스 뷰티&힐링파크,facility,34560370
23,진안홍삼스파,facility,35520110
24,순천만국가정원&순천만습지,facility,36030630
25,정남진 편백숲 우드랜드,facility,36580110
26,태평염전 해양힐링스파,facility,36680310
27,전남권환경성질환예방관리센터,facility,36560400
28,국립장성숲체원,facility,36650390
29,인문힐링센터 여명,facility,37550380
30,국립김천치유의숲,facility,37030440
31,국립산림치유원,facility,37060360
32,하늘호수,facility,38590340
33,산청 동의보감촌,facility,38570340
34,한화리조트 거제 벨버디어 웰니스,facility,38090390
35,오도산 치유의 숲,facility,38600310
36,나폴리농원,facility,38050110
37,WE호텔 웰니스센터,facility,39020610
38,서귀포 치유의 숲,facility,39020590
39,취다선 리조트,facility,39020130
40,서울한방진흥센터,facility,11060820
41,더스파 앳 파라다이스,facility,23010640
42,로미지안 가든,facility,32550340
43,하이원 리조트,facility,32550130
44,금강송 에코리움,facility,37620390
45,좌구산 자연휴양림,facility,33590140
46,구이안덕건강힐링체험마을,facility,35510350
47,메이필드호텔 서울,facility,11160670
48,이문원한의원,facility,11230780
49,뷰라운지,facility,22060570
50,동해보양온천컨벤션호텔,facility,32040540
51,설해원,facility,32610320
52,거창 항노화힐링랜드,facility,38590400
53,태권도원 상징지구,facility,35530320
54,환상숲곶자왈공원,facility,39010310
55,제주901,facility,39010660
56,산림힐링재단(하이힐링원),facility,32530120
57,삼척 활기 치유의숲,facility,32070340
58,숲애서,facility,38100540
59,국립칠곡숲체원,facility,37590130
60,테라피 스파 소베,facility,24020660
61,더 스파 하스타,facility,23040640
62,현대요트 인천,facility,23010630
63,제원 하늘농원,facility,39010140
64,국립제천치유의숲,facility,33030320
65,금풍양조장,facility,23510330
66,경원재,facility,23040660
67,미리내 힐빙클럽,facility,31580390
68,오크밸리,facility,32020330
69,소백산생태탐방원,facility,37060380
70,레인보우 힐링센터,facility,33540110
71,아원고택,facility,35510340
72,쉴(SHIL)랜드,facility,35560310
73,완도 해양치유센터,facility,36660320
74,사유원,facility,22520313
75,한국전통문화체험관,facility,22060560
76,클럽디오아시스,facility,21090530
77,JW 메리어트 제주,facility,39020590
78,하이디하우스,facility,11220660
79,트리비움,facility,31070310
80,약석원,facility,23510350
81,차덕분,facility,23010691
82,하동야생차문화센터,facility,38560310
83,에스엠비 웰니스 센터,facility,21510111
84,고창웰파크시티,facility,35570110
85,대흥사,facility,36600310
86,전라남도 마음건강치유센터,facility,36580320
87,교래자연휴양림,facility,39010140
88,해비치호텔앤드리조트,facility,39020320
