번호,시설명,dong_adm_cd,객실수_합계,업체수,전국_백분위
1,티테라피,11060870,537.0,8.0,82.05966489579076
2,SPA 1899 동인비,11020550,8331.0,115.0,99.95913363302003
3,여용국 한방스파,11240710,760.0,21.0,88.27135267674704
4,올리바인 스파,11010570,0.0,,0.0
5,비스타 워커힐 웰니스클럽,11050630,991.0,3.0,92.11279117286473
6,스파랜드 센텀시티,21090740,1131.0,14.0,93.338782182264
7,리조트 스파밸리,22510310,146.0,7.0,54.883530854107065
8,파라다이스시티 씨메르,23010640,1680.0,4.0,96.93502247650184
9,국립대운산치유의숲,26510130,121.0,6.0,50.38823048630977
10,허브아일랜드 허브힐링센터,31080580,150.0,7.0,55.45565999182672
11,아쿠아필드 고양,31101580,0.0,,0.0
12,힐리언스 선마을,32510370,563.0,89.0,83.12219043727012
13,동해무릉건강숲,32040650,90.0,3.0,43.11401716387413
14,파크로쉬 리조트앤웰니스,32550340,385.0,12.0,75.80711074785451
15,뮤지엄SAN 명상관,32020330,1372.0,22.0,95.30036779730283
16,용평리조트 발왕산,32540370,5306.0,65.0,99.79566816510012
17,오색그린야드호텔,32610310,558.0,25.0,82.83612586841029
18,깊은산속 옹달샘,33020350,46.0,2.0,28.034327748263177
19,포레스트 리솜 해브나인 힐링스파,33030360,451.0,1.0,78.87208827135268
20,팜카밀레,34580320,1614.0,156.0,96.64895790764201
21,파라다이스 스파 도고,34040390,976.0,18.0,91.90845933796486
22,에덴힐스 뷰티&힐링파크,34560370,215.0,12.0,62.36207601144258
23,진안홍삼스파,35520110,231.0,8.0,63.95586432366163
24,순천만국가정원&순천만습지,36030630,326.0,36.0,71.92480588475685
25,정남진 편백숲 우드랜드,36580110,388.0,16.0,76.05230894973437
26,태평염전 해양힐링스파,36680310,245.0,5.0,65.26358806702083
27,전남권환경성질환예방관리센터,36560400,3.0,1.0,0.6538618716796076
28,국립장성숲체원,36650390,32.0,2.0,19.73845525132816
29,인문힐링센터 여명,37550380,15.0,1.0,7.519411524315488
30,국립김천치유의숲,37030440,0.0,,0.0
31,국립산림치유원,37060360,175.0,7.0,58.88843481814467
32,하늘호수,38590340,0.0,,0.0
33,산청 동의보감촌,38570340,266.0,6.0,67.10257458111974
34,한화리조트 거제 벨버디어 웰니스,38090390,717.0,31.0,87.1679607682877
35,오도산 치유의 숲,38600310,46.0,4.0,27.78912954638333
36,나폴리농원,38050110,232.0,9.0,64.11932979158152
37,WE호텔 웰니스센터,39020610,0.0,,0.0
38,서귀포 치유의 숲,39020590,0.0,,0.0
39,취다선 리조트,39020130,3252.0,65.0,99.01920719248058
40,서울한방진흥센터,11060820,354.0,26.0,73.92725786677565
41,더스파 앳 파라다이스,23010640,1680.0,4.0,96.93502247650184
42,로미지안 가든,32550340,385.0,12.0,75.80711074785451
43,하이원 리조트,32550130,3081.0,42.0,98.97834082550061
44,금강송 에코리움,37620390,0.0,,0.0
45,좌구산 자연휴양림,33590140,634.0,28.0,85.002043318349
46,구이안덕건강힐링체험마을,35510350,161.0,6.0,57.21291377196567
47,메이필드호텔 서울,11160670,367.0,5.0,74.90805067429505
48,이문원한의원,11230780,796.0,6.0,89.08868001634654
49,뷰라운지,22060570,0.0,,0.0
50,동해보양온천컨벤션호텔,32040540,294.0,11.0,69.55455659991827
51,설해원,32610320,1074.0,47.0,92.80751941152432
52,거창 항노화힐링랜드,38590400,284.0,19.0,68.69636289333879
53,태권도원 상징지구,35530320,2932.0,125.0,98.73314262362076
54,환상숲곶자왈공원,39010310,0.0,,0.0
55,제주901,39010660,5497.0,44.0,99.8365345320801
56,산림힐링재단(하이힐링원),32530120,0.0,,0.0
57,삼척 활기 치유의숲,32070340,32.0,4.0,20.228851655087862
58,숲애서,38100540,200.0,9.0,61.25868410298324
59,국립칠곡숲체원,37590130,482.0,19.0,80.13894564773192
60,테라피 스파 소베,24020660,3740.0,59.0,99.30527176134042
61,더 스파 하스타,23040640,985.0,3.0,91.99019207192481
62,현대요트 인천,23010630,14.0,1.0,6.947282386595832
63,제원 하늘농원,39010140,2713.0,68.0,98.65140988966081
64,국립제천치유의숲,33030320,269.0,6.0,67.51123825091949
65,금풍양조장,23510330,465.0,31.0,79.56681651001226
66,경원재,23040660,2071.0,18.0,97.79321618308133
67,미리내 힐빙클럽,31580390,48.0,3.0,28.810788720882712
68,오크밸리,32020330,1372.0,22.0,95.30036779730283
69,소백산생태탐방원,37060380,0.0,,0.0
70,레인보우 힐링센터,33540110,435.0,16.0,78.05476093175317
71,아원고택,35510340,31.0,2.0,19.493257049448303
72,쉴(SHIL)랜드,35560310,15.0,1.0,8.05067429505517
73,완도 해양치유센터,36660320,331.0,26.0,72.04740498569677
74,사유원,22520313,140.0,8.0,54.02533714752759
75,한국전통문화체험관,22060560,29.0,1.0,18.26726604004904
76,클럽디오아시스,21090530,5085.0,101.0,99.71393543114017
77,JW 메리어트 제주,39020590,0.0,,0.0
78,하이디하우스,11220660,23.0,1.0,14.262362076011442
79,트리비움,31070310,14.0,1.0,6.293420514916225
80,약석원,23510350,28.0,2.0,17.327339599509603
81,차덕분,23010691,1357.0,8.0,95.13690232938292
82,하동야생차문화센터,38560310,399.0,22.0,76.62443808745402
83,에스엠비 웰니스 센터,21510111,384.0,18.0,75.76624438087454
84,고창웰파크시티,35570110,733.0,41.0,87.53575807110748
85,대흥사,36600310,281.0,14.0,68.53289742541888
86,전라남도 마음건강치유센터,36580320,42.0,2.0,26.113608500204332
87,교래자연휴양림,39010140,2713.0,68.0,98.65140988966081
88,해비치호텔앤드리조트,39020320,82.0,2.0,40.90723334695546
