지역,시군구,P1_신규개업,P1_폐업,P1_순증,P2_신규개업,P2_폐업,P2_순증,P3_신규개업,P3_폐업,P3_순증,P4_신규개업,P4_폐업,P4_순증,현재_영업중_총,관광호텔+콘도_비중%,여관+여인숙+생활숙박_비중%
강원영월,영월군,0,3,-3,2,5,-3,5,4,1,1,1,0,54,7.4,85.2
강원삼척,삼척시,2,0,2,1,1,0,6,3,3,0,1,-1,99,4.0,91.9
경남양산,양산시,2,1,1,1,0,1,1,3,-2,2,0,2,144,13.9,80.6
경북칠곡,칠곡군,2,4,-2,0,6,-6,1,2,-1,0,3,-3,94,5.3,90.4
충북제천,제천시,4,3,1,3,5,-2,0,4,-4,4,0,4,148,6.1,81.8
전남완도,완도군,3,3,0,2,1,1,2,2,0,2,6,-4,122,2.5,91.8
전북순창,순창군,0,0,0,0,0,0,1,0,1,0,0,0,25,0.0,84.0
충북영동,영동군,1,0,1,5,0,5,1,0,1,2,0,2,35,2.9,77.1
전북완주,완주군,1,2,-1,1,0,1,4,0,4,4,0,4,75,12.0,65.3
경북영주,영주시,1,0,1,1,4,-3,1,0,1,0,1,-1,102,9.8,83.3
