지역,시설,코호트,숙박업_g1(%),숙박업_g2(%),식음료업_g1(%),식음료업_g2(%),쇼핑업_g1(%),쇼핑업_g2(%),여가서비스업_g1(%),여가서비스업_g2(%)
강원영월,영월(하이힐링원),2023,9.2,-8.9,9.4,0.1,3.5,-5.0,-3.2,-11.7
강원삼척,삼척(활기 치유의숲),2023,-6.5,-41.7,-3.0,-6.3,-2.3,-2.9,7.9,3.8
경남양산,양산(숲애서),2023,4.3,-25.1,4.0,-1.1,1.2,-7.9,-5.7,-4.7
경북칠곡,칠곡(국립칠곡숲체원),2023,-2.9,-3.4,4.6,-3.4,11.1,-2.1,-2.9,2.7
충북제천,제천(국립제천치유의숲),2023,-1.0,0.9,2.8,-4.3,2.5,-2.2,-10.6,-14.5
전남완도,완도(해양치유센터),2024,-19.2,15.7,-7.5,14.9,-10.6,6.3,-10.3,8.5
전북순창,순창(쉴랜드),2024,3.3,-13.3,3.2,-2.3,3.5,20.8,-12.2,-23.4
충북영동,영동(레인보우 힐링센터),2024,-1.9,-8.1,3.1,3.0,1.1,3.7,0.9,1.1
전북완주,완주(아원고택),2024,-7.8,14.4,0.2,6.4,-2.6,6.6,-6.9,-20.3
경북영주,영주(소백산생태탐방원),2024,-7.0,1.7,-0.1,4.3,-5.4,-2.9,-13.7,-23.7
