지역,시설,코호트,P1,P2,P3,P4,g0(%),g1(%),g2(%),"패턴일치(g1>0,g2<g1)"
강원영월,영월(하이힐링원),2023,6663460.0,7114489.0,7271716.0,7028686.0,6.8,2.2,-3.3,True
강원삼척,삼척(활기 치유의숲),2023,10713523.0,12006275.0,12013168.0,11839719.0,12.1,0.1,-1.4,True
경남양산,양산(숲애서),2023,31469070.0,33837569.0,34447953.0,35240039.0,7.5,1.8,2.3,False
경북칠곡,칠곡(국립칠곡숲체원),2023,17916466.0,21202113.0,21963028.0,22301272.0,18.3,3.6,1.5,True
충북제천,제천(국립제천치유의숲),2023,13160693.0,15181320.0,15588759.0,15434374.0,15.4,2.7,-1.0,True
전남완도,완도(해양치유센터),2024,5996657.0,6253828.0,6310677.0,7020992.0,4.3,0.9,11.3,False
전북순창,순창(쉴랜드),2024,5185181.0,4978927.0,4784694.0,5030240.0,-4.0,-3.9,5.1,False
충북영동,영동(레인보우 힐링센터),2024,6734426.0,6708235.0,6517984.0,6948168.0,-0.4,-2.8,6.6,False
전북완주,완주(아원고택),2024,21302257.0,22650049.0,23006906.0,24184637.0,6.3,1.6,5.1,False
경북영주,영주(소백산생태탐방원),2024,9012150.0,8970289.0,9127843.0,9612601.0,-0.5,1.8,5.3,False
