항목,상태,내용
기간 매핑,OK,"지역별 공식 신규선정 발표월(장성 2020.06, 나머지 4월)에 따라 P1~P4 각 12개월 배정"
내국인 방문자 정의,OK,외지인·전체는 국적구분=내국인만 사용; 전체=외지인+현지인 최대 반올림오차 1
외국인 중복,CORRECTED,기존 추가폴더처럼 외국인을 외지인/전체에 합산하지 않음
장성 숙박·체류,PARTIAL,2020.01 이전 원자료 부재; 불완전 연간 KPI 14개를 NA 처리
연간 완전성,STRICT,12개월 중 한 달이라도 없으면 합계·가중평균을 계산하지 않음
월합계 주의,CAUTION,데이터랩 보정·반올림으로 직접 연간조회 값과 미세 차이 가능; 변화율 중심 해석
ITS 인과성,CAUTION,대조군이 없어 구조변화 탐색이며 인과효과가 아님; 장성 2020·무주 2022는 코로나 충격과 중첩
분석단위,CAUTION,시설 자체가 아니라 시설 소재 시군구 전체 관광시장
시장정합,PROXY,2024 코호트만 광역 동일가중 조건부 Spearman/JSD; 전국시장 지표가 아님
공간분석,PARTIAL,현재 ZIP에서는 완도·순창만 계산; 완주는 기존 개별 P구간 산출물을 출처표시 후 별도 이관
Shift-Share,EXCLUDED,선정연도가 다른 5개소를 event-time으로 합치면 서로 다른 경기연도를 섞으므로 계산하지 않음
