지역키,지역,시설,최초선정연도,공식발표일,기간,기간의미,시작월,종료월,필요개월수
전남장성,장성군,국립장성숲체원,2020,2020-06-10,P1,지정 2년 전,201806,201905,12
전남장성,장성군,국립장성숲체원,2020,2020-06-10,P2,지정 직전,201906,202005,12
전남장성,장성군,국립장성숲체원,2020,2020-06-10,P3,지정 1년차,202006,202105,12
전남장성,장성군,국립장성숲체원,2020,2020-06-10,P4,지정 2년차,202106,202205,12
전북무주,무주군,태권도원 상징지구,2022,2022-04-19,P1,지정 2년 전,202004,202103,12
전북무주,무주군,태권도원 상징지구,2022,2022-04-19,P2,지정 직전,202104,202203,12
전북무주,무주군,태권도원 상징지구,2022,2022-04-19,P3,지정 1년차,202204,202303,12
전북무주,무주군,태권도원 상징지구,2022,2022-04-19,P4,지정 2년차,202304,202403,12
전남완도,완도군,완도 해양치유센터,2024,2024-04-24,P1,지정 2년 전,202204,202303,12
전남완도,완도군,완도 해양치유센터,2024,2024-04-24,P2,지정 직전,202304,202403,12
전남완도,완도군,완도 해양치유센터,2024,2024-04-24,P3,지정 1년차,202404,202503,12
전남완도,완도군,완도 해양치유센터,2024,2024-04-24,P4,지정 2년차,202504,202603,12
전북순창,순창군,쉴랜드,2024,2024-04-24,P1,지정 2년 전,202204,202303,12
전북순창,순창군,쉴랜드,2024,2024-04-24,P2,지정 직전,202304,202403,12
전북순창,순창군,쉴랜드,2024,2024-04-24,P3,지정 1년차,202404,202503,12
전북순창,순창군,쉴랜드,2024,2024-04-24,P4,지정 2년차,202504,202603,12
전북완주,완주군,아원고택,2024,2024-04-24,P1,지정 2년 전,202204,202303,12
전북완주,완주군,아원고택,2024,2024-04-24,P2,지정 직전,202304,202403,12
전북완주,완주군,아원고택,2024,2024-04-24,P3,지정 1년차,202404,202503,12
전북완주,완주군,아원고택,2024,2024-04-24,P4,지정 2년차,202504,202603,12
