원표,지역키,지역,시설,영역,기간,읍면동수,HHI,Gini,시설소재_읍면동,시설동_점유율_pct,공간자료기준,변화구간,delta_HHI,delta_Gini,delta_시설동점유율_pctp,시설동_성장률_pct,시군구_성장률_pct,상대집중도_RC_pctp,시설동_점유율_before_pct,시설동_점유율_after_pct,시설동_점유율변화_pctp,시군구방문기준,자료출처,현재통합ZIP_재현가능
spatial_concentration.csv,전북완주,완주군,아원고택,소비,P1,13.0,1436.9746137978,0.5134865135,소양면,7.3926073926,내국인소비 점유율 복원,,,,,,,,,,,,기존 2024_three_sites 개별 P구간 원자료 산출물,False
spatial_concentration.csv,전북완주,완주군,아원고택,소비,P2,13.0,1497.5334355954,0.5300852993,소양면,6.4935064935,내국인소비 점유율 복원,,,,,,,,,,,,기존 2024_three_sites 개별 P구간 원자료 산출물,False
spatial_concentration.csv,전북완주,완주군,아원고택,소비,P3,13.0,1474.7780813847,0.5242165242,소양면,6.5065065065,내국인소비 점유율 복원,,,,,,,,,,,,기존 2024_three_sites 개별 P구간 원자료 산출물,False
spatial_concentration.csv,전북완주,완주군,아원고택,소비,P4,13.0,1502.16,0.5306153846,소양면,6.8,내국인소비 점유율 복원,,,,,,,,,,,,기존 2024_three_sites 개별 P구간 원자료 산출물,False
spatial_concentration.csv,전북완주,완주군,아원고택,방문,P1,13.0,1315.5637546199,0.4398052152,소양면,9.0742381622,전체방문자 읍면동 분포,,,,,,,,,,,,기존 2024_three_sites 개별 P구간 원자료 산출물,False
spatial_concentration.csv,전북완주,완주군,아원고택,방문,P2,13.0,1369.1751755023,0.4505292003,소양면,9.2134348012,전체방문자 읍면동 분포,,,,,,,,,,,,기존 2024_three_sites 개별 P구간 원자료 산출물,False
spatial_concentration.csv,전북완주,완주군,아원고택,방문,P3,13.0,1350.019887121,0.4468168676,소양면,9.7215327115,전체방문자 읍면동 분포,,,,,,,,,,,,기존 2024_three_sites 개별 P구간 원자료 산출물,False
spatial_concentration.csv,전북완주,완주군,아원고택,방문,P4,13.0,1336.1117333929,0.4514511194,소양면,9.4938011808,전체방문자 읍면동 분포,,,,,,,,,,,,기존 2024_three_sites 개별 P구간 원자료 산출물,False
spatial_change.csv,전북완주,완주군,아원고택,방문,,,,,,,,P1→P2,53.6114208824,0.0107239851,0.139196639,,,,,,,,기존 2024_three_sites 개별 P구간 원자료 산출물,False
spatial_change.csv,전북완주,완주군,아원고택,방문,,,,,,,,P2→P3,-19.1552883812,-0.0037123327,0.5080979103,,,,,,,,기존 2024_three_sites 개별 P구간 원자료 산출물,False
spatial_change.csv,전북완주,완주군,아원고택,방문,,,,,,,,P3→P4,-13.9081537281,0.0046342518,-0.2277315307,,,,,,,,기존 2024_three_sites 개별 P구간 원자료 산출물,False
spatial_change.csv,전북완주,완주군,아원고택,소비,,,,,,,,P1→P2,60.5588217976,0.0165987858,-0.8991008991,,,,,,,,기존 2024_three_sites 개별 P구간 원자료 산출물,False
spatial_change.csv,전북완주,완주군,아원고택,소비,,,,,,,,P2→P3,-22.7553542107,-0.0058687751,0.013000013,,,,,,,,기존 2024_three_sites 개별 P구간 원자료 산출물,False
spatial_change.csv,전북완주,완주군,아원고택,소비,,,,,,,,P3→P4,27.3819186153,0.0063988604,0.2934934935,,,,,,,,기존 2024_three_sites 개별 P구간 원자료 산출물,False
spatial_relative_growth.csv,전북완주,완주군,아원고택,소비,,,,,소양면,,,g12,,,,-18.2123186204,-6.8878704294,-11.324448191,7.3926073926,6.4935064935,-0.8991008991,해당없음,기존 2024_three_sites 개별 P구간 원자료 산출물,False
spatial_relative_growth.csv,전북완주,완주군,아원고택,소비,,,,,소양면,,,g23,,,,0.536797612,0.536797612,0.0,6.4935064935,6.5065065065,0.013000013,해당없음,기존 2024_three_sites 개별 P구간 원자료 산출물,False
spatial_relative_growth.csv,전북완주,완주군,아원고택,소비,,,,,소양면,,,g34,,,,9.7355805173,4.8943049062,4.8412756111,6.5065065065,6.8,0.2934934935,해당없음,기존 2024_three_sites 개별 P구간 원자료 산출물,False
spatial_relative_growth.csv,전북완주,완주군,아원고택,방문,,,,,소양면,,,g12,,,,8.3464162054,5.6987147998,2.6477014057,9.0742381622,9.2134348012,0.139196639,전체방문자(메인 KPI 외지인과 다름),기존 2024_three_sites 개별 P구간 원자료 산출물,False
spatial_relative_growth.csv,전북완주,완주군,아원고택,방문,,,,,소양면,,,g23,,,,7.968668657,4.0315567526,3.9371119044,9.2134348012,9.7215327115,0.5080979103,전체방문자(메인 KPI 외지인과 다름),기존 2024_three_sites 개별 P구간 원자료 산출물,False
spatial_relative_growth.csv,전북완주,완주군,아원고택,방문,,,,,소양면,,,g34,,,,3.1261398843,6.5861870585,-3.4600471742,9.7215327115,9.4938011808,-0.2277315307,전체방문자(메인 KPI 외지인과 다름),기존 2024_three_sites 개별 P구간 원자료 산출물,False
