지역키,지역,시설,영역,변화구간,delta_HHI,delta_Gini,delta_시설동점유율_pctp
전남완도,완도군,완도 해양치유센터,방문,P1→P2,-204.1674657904,-0.0114832118,2.1846211182
전남완도,완도군,완도 해양치유센터,방문,P2→P3,-136.1536205401,-0.010251295,2.5669627229
전남완도,완도군,완도 해양치유센터,방문,P3→P4,23.1932872963,0.0089054328,-0.3455495639
전남완도,완도군,완도 해양치유센터,소비,P1→P2,245.7981943505,0.0052474141,0.0950950951
전남완도,완도군,완도 해양치유센터,소비,P2→P3,-63.794368703,-0.0027449116,1.3063063063
전남완도,완도군,완도 해양치유센터,소비,P3→P4,280.3149253542,0.025018032,0.5799212386
전북순창,순창군,쉴랜드,방문,P1→P2,131.1231629854,0.0009546317,0.2833244619
전북순창,순창군,쉴랜드,방문,P2→P3,-81.8007959948,-0.009261335,0.0290473652
전북순창,순창군,쉴랜드,방문,P3→P4,151.1017309951,0.0075063519,-0.0997709625
전북순창,순창군,쉴랜드,소비,P1→P2,-27.96,0.0038181818,-0.2
전북순창,순창군,쉴랜드,소비,P2→P3,-685.4,-0.0267272727,0.3
전북순창,순창군,쉴랜드,소비,P3→P4,-73.0,-0.0041818182,0.3
