지역키,지역,시설,지표,g12_pct,g23_pct,g34_pct,delta12_abs,delta23_abs,delta34_abs,delta12_pctp,delta23_pctp,delta34_pctp,지정직후_판정_3pct,2년차_판정_3pct,민감도_0pct,민감도_3pct,민감도_5pct,민감도신뢰
전남완도,완도군,완도 해양치유센터,숙박검색건수,0.9542204797,-16.0655644079,14.5987139795,331.0,-5626.0,4291.0,,,,DOWN,UP,DOWN,DOWN,DOWN,HIGH
전남완도,완도군,완도 해양치유센터,외지인방문자수,4.2885727831,0.909027239,11.2557654274,257171.0,56849.0,710315.0,,,,FLAT,UP,UP,FLAT,FLAT,LOW
전남완도,완도군,완도 해양치유센터,숙박자비율_pct,0.200056412,-9.1397091637,-1.4276825153,0.039647703,-1.8149551544,-0.2575961013,0.039647703,-1.8149551544,-0.2575961013,DOWN,FLAT,DOWN,DOWN,DOWN,HIGH
전남완도,완도군,완도 해양치유센터,평균체류시간_분,-9.836253271,-3.3759886013,0.4717919911,-232.5569265539,-71.9668507474,9.7177820534,,,,DOWN,FLAT,DOWN,DOWN,FLAT,LOW
전남완도,완도군,완도 해양치유센터,평균숙박일수,-1.00244074,1.6375740566,0.487368992,-0.0277964021,0.0449526515,0.0135977342,,,,FLAT,FLAT,UP,FLAT,FLAT,LOW
전남완도,완도군,완도 해양치유센터,내국인관광소비_천원,-5.7786373651,-10.2665502386,8.5094125921,-3171769.0,-5309456.0,3948930.0,,,,DOWN,UP,DOWN,DOWN,DOWN,HIGH
전남완도,완도군,완도 해양치유센터,숙박자중_3박이상_pct,-0.6143878345,8.2491082652,0.4743952741,-0.0963837023,1.28614969,0.080066196,-0.0963837023,1.28614969,0.080066196,UP,FLAT,UP,UP,UP,HIGH
전남완도,완도군,완도 해양치유센터,전체순방문자중_3박이상_pct,-0.4155605448,-1.6445454026,-0.9600600996,-0.0129199508,-0.0509171286,-0.0292357949,-0.0129199508,-0.0509171286,-0.0292357949,FLAT,FLAT,DOWN,FLAT,FLAT,LOW
전남완도,완도군,완도 해양치유센터,방문자대비관광소비_천원_proxy,-9.653224586,-11.0749035873,-2.4685038341,-0.8835666405,-0.9158397959,-0.1815255276,,,,DOWN,FLAT,DOWN,DOWN,DOWN,HIGH
전남완도,완도군,완도 해양치유센터,방문_CV,-38.4676441806,31.0033560805,29.9923087415,-0.068757455,0.0340985926,0.043213562,,,,UP,UP,UP,UP,UP,HIGH
전남완도,완도군,완도 해양치유센터,DSI,8.3722011839,-3.8312317413,-5.0487978241,0.068757455,-0.0340985926,-0.043213562,,,,DOWN,DOWN,DOWN,DOWN,FLAT,LOW
전북순창,순창군,쉴랜드,숙박검색건수,-4.6534776658,4.9588933838,-2.1012060177,-748.0,760.0,-338.0,,,,UP,FLAT,UP,UP,FLAT,LOW
전북순창,순창군,쉴랜드,외지인방문자수,-3.9777589249,-3.9011015827,5.131906032,-206254.0,-194233.0,245546.0,,,,DOWN,UP,DOWN,DOWN,FLAT,LOW
전북순창,순창군,쉴랜드,숙박자비율_pct,4.4621311524,-11.3990739337,-0.1930011851,0.4289227815,-1.1446302912,-0.0171709333,0.4289227815,-1.1446302912,-0.0171709333,DOWN,FLAT,DOWN,DOWN,DOWN,HIGH
전북순창,순창군,쉴랜드,평균체류시간_분,-7.606972335,-8.9793687734,3.7960345116,-79.6034003111,-86.8170029647,33.4063461266,,,,DOWN,UP,DOWN,DOWN,DOWN,HIGH
전북순창,순창군,쉴랜드,평균숙박일수,-1.0699012271,0.7432538298,1.5044896855,-0.0282299662,0.0194013643,0.0395640101,,,,FLAT,FLAT,UP,FLAT,FLAT,LOW
전북순창,순창군,쉴랜드,내국인관광소비_천원,-3.9011282559,-18.8512767558,1.1011089915,-1823955.0,-8469991.0,401471.0,,,,DOWN,FLAT,DOWN,DOWN,DOWN,HIGH
전북순창,순창군,쉴랜드,숙박자중_3박이상_pct,-1.7286971841,7.3790398339,6.0588069529,-0.2137569092,0.8966600182,0.7905595362,-0.2137569092,0.8966600182,0.7905595362,UP,UP,UP,UP,UP,HIGH
전북순창,순창군,쉴랜드,전체순방문자중_3박이상_pct,2.6562972328,-4.8611763061,5.8541121986,0.0315729156,-0.0593150618,0.0679582887,0.0315729156,-0.0593150618,0.0679582887,DOWN,UP,DOWN,DOWN,FLAT,LOW
전북순창,순창군,쉴랜드,방문자대비관광소비_천원_proxy,0.0798051244,-15.5570723695,-3.8340378223,0.0071959933,-1.4038939185,-0.2921635921,,,,DOWN,DOWN,DOWN,DOWN,DOWN,HIGH
전북순창,순창군,쉴랜드,방문_CV,-19.3689414314,18.8186422728,15.1683922368,-0.0446294116,0.0349627773,0.0334843423,,,,UP,UP,UP,UP,UP,HIGH
전북순창,순창군,쉴랜드,DSI,5.7991710978,-4.2940630751,-4.2970003537,0.0446294116,-0.0349627773,-0.0334843423,,,,DOWN,DOWN,DOWN,DOWN,FLAT,LOW
전북완주,완주군,아원고택,숙박검색건수,-0.1108266465,-3.2183987133,4.6433300452,-129.0,-3742.0,5225.0,,,,DOWN,UP,DOWN,DOWN,FLAT,LOW
전북완주,완주군,아원고택,외지인방문자수,6.3269915484,1.5755241854,5.1190325201,1347792.0,356857.0,1177731.0,,,,FLAT,UP,UP,FLAT,FLAT,LOW
전북완주,완주군,아원고택,숙박자비율_pct,1.253855915,-8.6258475173,-0.3640121946,0.0961788352,-0.6699543748,-0.02583347,0.0961788352,-0.6699543748,-0.02583347,DOWN,FLAT,DOWN,DOWN,DOWN,HIGH
전북완주,완주군,아원고택,평균체류시간_분,-9.0003988207,-7.9658554322,3.462762948,-88.9815798473,-71.6655218328,28.6714455093,,,,DOWN,UP,DOWN,DOWN,DOWN,HIGH
전북완주,완주군,아원고택,평균숙박일수,-0.9624092009,0.2674647044,1.4748256495,-0.0256370495,0.007056264,0.0390129741,,,,FLAT,FLAT,UP,FLAT,FLAT,LOW
전북완주,완주군,아원고택,내국인관광소비_천원,-6.8878704294,0.536797612,4.8943049062,-21122215.0,1532750.0,14050016.0,,,,FLAT,UP,UP,FLAT,FLAT,LOW
전북완주,완주군,아원고택,숙박자중_3박이상_pct,-4.1587185601,2.0686331342,6.692528577,-0.5656043741,0.2696431036,0.8904066068,-0.5656043741,0.2696431036,0.8904066068,FLAT,UP,UP,FLAT,FLAT,LOW
전북완주,완주군,아원고택,전체순방문자중_3박이상_pct,-2.9570069837,-6.7356515229,6.3041547623,-0.030848742,-0.0681912893,0.0595239603,-0.030848742,-0.0681912893,0.0595239603,DOWN,UP,DOWN,DOWN,DOWN,HIGH
전북완주,완주군,아원고택,방문자대비관광소비_천원_proxy,-12.428511129,-1.0226150263,-0.2137839442,-1.7891550382,-0.1289150952,-0.0266748917,,,,FLAT,FLAT,DOWN,FLAT,FLAT,LOW
전북완주,완주군,아원고택,방문_CV,-30.2834897842,15.7339711074,3.9954030805,-0.0404795354,0.0146623502,0.0043091012,,,,UP,UP,UP,UP,UP,HIGH
전북완주,완주군,아원고택,DSI,4.672523507,-1.6169138004,-0.4830026713,0.0404795354,-0.0146623502,-0.0043091012,,,,FLAT,FLAT,DOWN,FLAT,FLAT,LOW
