기준년월,외지인방문자수,전체방문자수,현지인방문자수,내국인관광소비_천원,외국인관광소비_천원,순방문자수,숙박자비율_pct,평균 숙박일수,평균체류시간_분,숙박검색건수,숙박자중_3박이상_pct,지역키,지역,시설,기간,숙박방문자추정수,전체순방문자중_3박이상_pct
202204,426934.0,1347734.0,920801.0,4240564.0,6634.0,315866.0,22.2,2.6,2034.0,2632,11.5,전남완도,완도군,완도 해양치유센터,P1,70122.252,2.553
202205,457646.0,1351280.0,893634.0,4577043.0,7797.0,336726.0,21.4,2.69,2162.0,3076,14.2,전남완도,완도군,완도 해양치유센터,P1,72059.364,3.0388
202206,444790.0,1276212.0,831422.0,4190199.0,10392.0,317896.0,20.4,2.97,3103.0,3000,18.7,전남완도,완도군,완도 해양치유센터,P1,64850.784,3.8148
202207,694796.0,1640198.0,945402.0,4911629.0,7768.0,498721.0,20.1,2.95,3722.0,4442,19.1,전남완도,완도군,완도 해양치유센터,P1,100242.921,3.8391
202208,638288.0,1504450.0,866162.0,6121801.0,6949.0,471118.0,21.1,2.68,1714.0,6450,14.0,전남완도,완도군,완도 해양치유센터,P1,99405.898,2.954
202209,535602.0,1508420.0,972818.0,4799510.0,8208.0,381428.0,22.5,2.8,2373.0,2485,17.0,전남완도,완도군,완도 해양치유센터,P1,85821.3,3.825
202210,552972.0,1555029.0,1002057.0,5200743.0,15393.0,436810.0,18.9,2.6,1867.0,3494,11.1,전남완도,완도군,완도 해양치유센터,P1,82557.09,2.0979
202211,456110.0,1452213.0,996104.0,4194983.0,9768.0,356394.0,16.4,2.71,1835.0,2228,14.5,전남완도,완도군,완도 해양치유센터,P1,58448.616,2.378
202212,404758.0,1401732.0,996975.0,3878202.0,7312.0,301089.0,19.4,2.78,2215.0,1737,16.4,전남완도,완도군,완도 해양치유센터,P1,58411.266,3.1816
202301,517503.0,1465639.0,948136.0,4662664.0,3940.0,367270.0,21.2,2.92,2550.0,1631,19.5,전남완도,완도군,완도 해양치유센터,P1,77861.24,4.134
202302,387250.0,1278666.0,891415.0,3848156.0,6750.0,297816.0,16.6,2.8,2113.0,1609,16.5,전남완도,완도군,완도 해양치유센터,P1,49437.456,2.739
202303,480008.0,1507359.0,1027352.0,4262342.0,9667.0,369319.0,17.0,2.76,2421.0,1904,15.5,전남완도,완도군,완도 해양치유센터,P1,62784.23,2.635
202304,508697.0,1485018.0,976322.0,5125134.0,15517.0,385247.0,21.4,2.49,1682.0,3254,9.2,전남완도,완도군,완도 해양치유센터,P2,82442.858,1.9688
202305,567476.0,1615022.0,1047546.0,4719718.0,18767.0,423813.0,19.7,2.72,2042.0,4223,13.9,전남완도,완도군,완도 해양치유센터,P2,83491.161,2.7383
202306,454986.0,1429236.0,974250.0,3971833.0,15557.0,346765.0,18.4,2.69,1937.0,2901,14.0,전남완도,완도군,완도 해양치유센터,P2,63804.76,2.576
202307,495226.0,1449046.0,953820.0,4516553.0,14761.0,360605.0,21.4,2.75,2229.0,3896,15.6,전남완도,완도군,완도 해양치유센터,P2,77169.47,3.3384
202308,599176.0,1553226.0,954051.0,5679948.0,8972.0,437920.0,21.1,2.74,1948.0,5132,15.8,전남완도,완도군,완도 해양치유센터,P2,92401.12,3.3338
202309,611664.0,1555526.0,943862.0,5450872.0,17276.0,415250.0,27.1,2.75,2302.0,3257,17.5,전남완도,완도군,완도 해양치유센터,P2,112532.75,4.7425
202310,608080.0,1655339.0,1047260.0,4587377.0,20245.0,468720.0,17.9,2.66,1892.0,3370,12.5,전남완도,완도군,완도 해양치유센터,P2,83900.88,2.2375
202311,444168.0,1458387.0,1014220.0,3452079.0,15645.0,347018.0,16.5,2.7,1891.0,1746,14.7,전남완도,완도군,완도 해양치유센터,P2,57257.97,2.4255
202312,487221.0,1580540.0,1093320.0,3740043.0,12444.0,354602.0,20.4,2.83,2491.0,2506,17.3,전남완도,완도군,완도 해양치유센터,P2,72338.808,3.5292
202401,475696.0,1486418.0,1010723.0,3223854.0,7542.0,370419.0,14.5,2.96,2373.0,1706,20.9,전남완도,완도군,완도 해양치유센터,P2,53710.755,3.0305
202402,512068.0,1436494.0,924427.0,3710388.0,6668.0,353654.0,23.5,2.91,2526.0,1202,19.9,전남완도,완도군,완도 해양치유센터,P2,83108.69,4.6765
202403,489370.0,1521583.0,1032213.0,3538268.0,11557.0,379885.0,15.8,2.82,2377.0,1826,16.9,전남완도,완도군,완도 해양치유센터,P2,60021.83,2.6702
202404,533246.0,1540105.0,1006859.0,4308431.0,14360.0,416121.0,17.7,2.59,1651.0,2562,11.4,전남완도,완도군,완도 해양치유센터,P3,73653.417,2.0178
202405,564134.0,1645214.0,1081080.0,4225142.0,21925.0,427036.0,18.2,2.77,2109.0,2950,15.3,전남완도,완도군,완도 해양치유센터,P3,77720.552,2.7846
202406,472794.0,1503306.0,1030512.0,3540719.0,23128.0,365694.0,17.1,2.72,1831.0,2429,14.7,전남완도,완도군,완도 해양치유센터,P3,62533.674,2.5137
202407,526036.0,1587372.0,1061336.0,3936322.0,19235.0,395357.0,18.7,2.77,2051.0,3307,16.6,전남완도,완도군,완도 해양치유센터,P3,73931.759,3.1042
202408,658777.0,1687276.0,1028500.0,5323563.0,37175.0,488118.0,20.2,2.73,1905.0,4986,15.7,전남완도,완도군,완도 해양치유센터,P3,98599.836,3.1714
202409,608780.0,1642764.0,1033984.0,4602862.0,28600.0,439753.0,20.5,2.88,2077.0,2585,20.3,전남완도,완도군,완도 해양치유센터,P3,90149.365,4.1615
202410,508704.0,1603259.0,1094555.0,3813423.0,20428.0,398687.0,16.5,2.67,1737.0,2537,13.8,전남완도,완도군,완도 해양치유센터,P3,65783.355,2.277
202411,467040.0,1509400.0,1042360.0,3234728.0,32054.0,360843.0,17.1,2.72,2010.0,1593,14.4,전남완도,완도군,완도 해양치유센터,P3,61704.153,2.4624
202412,460579.0,1511181.0,1050602.0,2984735.0,8545.0,352685.0,17.1,2.79,2084.0,1173,16.6,전남완도,완도군,완도 해양치유센터,P3,60309.135,2.8386
202501,617323.0,1627524.0,1010202.0,4533001.0,8762.0,438303.0,20.1,3.04,2390.0,2340,24.9,전남완도,완도군,완도 해양치유센터,P3,88098.903,5.0049
202502,372194.0,1296806.0,924612.0,2648326.0,8907.0,290436.0,14.7,2.92,2268.0,1161,19.1,전남완도,완도군,완도 해양치유센터,P3,42694.092,2.8077
202503,521070.0,1560044.0,1038975.0,3255359.0,12132.0,398839.0,16.5,2.86,2654.0,1770,17.8,전남완도,완도군,완도 해양치유센터,P3,65808.435,2.937
202504,538181.0,1570426.0,1032244.0,4209158.0,17338.0,418074.0,17.8,2.61,1720.0,2540,12.1,전남완도,완도군,완도 해양치유센터,P4,74417.172,2.1538
202505,689906.0,1770738.0,1080832.0,5236036.0,22973.0,510662.0,19.5,2.8,2358.0,3770,16.1,전남완도,완도군,완도 해양치유센터,P4,99579.09,3.1395
202506,521070.0,1579389.0,1058320.0,3535059.0,25713.0,405197.0,16.9,2.69,1773.0,2247,13.5,전남완도,완도군,완도 해양치유센터,P4,68478.293,2.2815
202507,590062.0,1687497.0,1097436.0,4236892.0,18794.0,445722.0,18.0,2.8,2184.0,3442,16.5,전남완도,완도군,완도 해양치유센터,P4,80229.96,2.97
202508,720562.0,1775326.0,1054764.0,5335153.0,17186.0,543026.0,19.1,2.71,1722.0,4849,14.6,전남완도,완도군,완도 해양치유센터,P4,103717.966,2.7886
202509,482762.0,1585857.0,1103095.0,3451317.0,25486.0,381245.0,15.1,2.76,2039.0,1350,15.5,전남완도,완도군,완도 해양치유센터,P4,57567.995,2.3405
202510,860464.0,1944453.0,1083988.0,6171505.0,42794.0,605992.0,21.8,2.93,2010.0,6200,21.4,전남완도,완도군,완도 해양치유센터,P4,132106.256,4.6652
202511,521258.0,1621624.0,1100365.0,3592533.0,15584.0,417389.0,14.8,2.68,1760.0,1916,13.7,전남완도,완도군,완도 해양치유센터,P4,61773.572,2.0276
202512,538086.0,1652770.0,1114684.0,3460076.0,25500.0,408035.0,17.6,2.81,2240.0,1570,17.0,전남완도,완도군,완도 해양치유센터,P4,71814.16,2.992
202601,491113.0,1553027.0,1061914.0,3458709.0,6490.0,378553.0,15.3,2.94,2402.0,2908,20.4,전남완도,완도군,완도 해양치유센터,P4,57918.609,3.1212
202602,563374.0,1524747.0,961373.0,4339674.0,12301.0,406283.0,19.9,2.94,2100.0,1713,21.5,전남완도,완도군,완도 해양치유센터,P4,80850.317,4.2785
202603,504154.0,1625015.0,1120861.0,3329429.0,27734.0,395294.0,14.4,2.92,2640.0,1179,18.6,전남완도,완도군,완도 해양치유센터,P4,56922.336,2.6784
202204,394177.0,731364.0,337186.0,3911644.0,4522.0,343679.0,9.4,2.56,955.0,1153,10.2,전북순창,순창군,쉴랜드,P1,32305.826,0.9588
202205,406928.0,744104.0,337176.0,4336250.0,3275.0,354441.0,9.5,2.55,875.0,1412,11.2,전북순창,순창군,쉴랜드,P1,33671.895,1.064
202206,360437.0,666190.0,305753.0,3886818.0,2767.0,306680.0,9.6,2.83,1342.0,1304,16.0,전북순창,순창군,쉴랜드,P1,29441.28,1.536
202207,482370.0,840805.0,358435.0,3902131.0,5435.0,401096.0,11.2,2.81,2025.0,1477,15.7,전북순창,순창군,쉴랜드,P1,44922.752,1.7584
202208,452305.0,771568.0,319263.0,4357809.0,2886.0,385669.0,10.4,2.66,962.0,2106,12.9,전북순창,순창군,쉴랜드,P1,40109.576,1.3416
202209,468461.0,825632.0,357172.0,3945741.0,4947.0,391818.0,12.4,2.58,952.0,1257,11.6,전북순창,순창군,쉴랜드,P1,48585.432,1.4384
202210,607278.0,977900.0,370622.0,5147370.0,5277.0,544633.0,7.6,2.52,742.0,2186,9.3,전북순창,순창군,쉴랜드,P1,41392.108,0.7068
202211,623686.0,989096.0,365410.0,4740883.0,6063.0,566300.0,6.8,2.49,574.0,1455,9.0,전북순창,순창군,쉴랜드,P1,38508.4,0.612
202212,276840.0,619482.0,342643.0,2927466.0,1905.0,238725.0,10.5,2.53,1004.0,599,9.8,전북순창,순창군,쉴랜드,P1,25066.125,1.029
202301,370258.0,695009.0,324751.0,3284046.0,2927.0,295082.0,15.2,2.67,1351.0,788,13.5,전북순창,순창군,쉴랜드,P1,44852.464,2.052
202302,322469.0,638414.0,315945.0,2910692.0,1528.0,281336.0,8.0,2.83,1096.0,1423,16.5,전북순창,순창군,쉴랜드,P1,22506.88,1.32
202303,419972.0,792540.0,372568.0,3403701.0,3782.0,370252.0,7.9,2.7,1096.0,914,13.9,전북순창,순창군,쉴랜드,P1,29249.908,1.0981
202304,437724.0,802186.0,364462.0,3725686.0,11897.0,380312.0,9.9,2.53,890.0,1179,9.9,전북순창,순창군,쉴랜드,P2,37650.888,0.9801
202305,430717.0,828272.0,397554.0,3674076.0,5705.0,365144.0,11.3,2.59,1001.0,1463,11.6,전북순창,순창군,쉴랜드,P2,41261.272,1.3108
202306,429037.0,817124.0,388087.0,3590128.0,3863.0,369605.0,9.9,2.62,1043.0,1372,12.4,전북순창,순창군,쉴랜드,P2,36590.895,1.2276
202307,392028.0,760165.0,368137.0,3516793.0,3526.0,335704.0,10.5,2.59,1009.0,818,11.9,전북순창,순창군,쉴랜드,P2,35248.92,1.2495
202308,480960.0,844340.0,363380.0,4356808.0,4074.0,412745.0,9.5,2.74,1005.0,2106,15.8,전북순창,순창군,쉴랜드,P2,39210.775,1.501
202309,461724.0,794734.0,333011.0,4461822.0,7604.0,377604.0,14.1,2.58,993.0,1542,11.9,전북순창,순창군,쉴랜드,P2,53242.164,1.6779
202310,518200.0,891646.0,373446.0,4527993.0,9966.0,467019.0,7.2,2.52,706.0,1498,10.1,전북순창,순창군,쉴랜드,P2,33625.368,0.7272
202311,522298.0,886683.0,364385.0,4116992.0,9667.0,467744.0,7.7,2.51,673.0,1503,9.6,전북순창,순창군,쉴랜드,P2,36016.288,0.7392
202312,282034.0,622230.0,340196.0,3103791.0,3013.0,238938.0,11.4,2.58,1077.0,626,10.6,전북순창,순창군,쉴랜드,P2,27238.932,1.2084
202401,272360.0,577234.0,304874.0,3087344.0,2407.0,238028.0,8.3,2.74,1094.0,706,15.5,전북순창,순창군,쉴랜드,P2,19756.324,1.2865
202402,371413.0,651262.0,279850.0,3542008.0,2602.0,295365.0,15.3,2.68,1394.0,1601,14.1,전북순창,순창군,쉴랜드,P2,45190.845,2.1573
202403,380432.0,697998.0,317566.0,3227155.0,2980.0,337449.0,7.5,2.71,1042.0,912,13.2,전북순창,순창군,쉴랜드,P2,25308.675,0.99
202404,408706.0,742770.0,334064.0,3366390.0,9880.0,360939.0,8.2,2.61,855.0,1048,12.4,전북순창,순창군,쉴랜드,P3,29596.998,1.0168
202405,426517.0,775775.0,349258.0,3553154.0,9978.0,374957.0,8.9,2.55,763.0,1611,11.1,전북순창,순창군,쉴랜드,P3,33371.173,0.9879
202406,386869.0,722120.0,335251.0,3234773.0,3844.0,341725.0,8.3,2.59,836.0,1688,12.5,전북순창,순창군,쉴랜드,P3,28363.175,1.0375
202407,349990.0,690004.0,340014.0,2858878.0,4294.0,307098.0,8.6,2.63,874.0,1062,13.1,전북순창,순창군,쉴랜드,P3,26410.428,1.1266
202408,442736.0,777889.0,335153.0,3440276.0,4463.0,381319.0,9.5,2.69,946.0,2381,14.1,전북순창,순창군,쉴랜드,P3,36225.305,1.3395
202409,473403.0,804794.0,331390.0,3271625.0,5664.0,402515.0,10.5,2.67,871.0,1345,14.8,전북순창,순창군,쉴랜드,P3,42264.075,1.554
202410,481772.0,833830.0,352058.0,3275912.0,10911.0,434566.0,7.1,2.54,681.0,1541,10.4,전북순창,순창군,쉴랜드,P3,30854.186,0.7384
202411,580167.0,929054.0,348887.0,3838265.0,8987.0,523349.0,7.4,2.47,608.0,1727,8.9,전북순창,순창군,쉴랜드,P3,38727.826,0.6586
202412,283283.0,602553.0,319270.0,2396645.0,3227.0,248889.0,8.7,2.58,933.0,443,11.3,전북순창,순창군,쉴랜드,P3,21653.343,0.9831
202501,339266.0,630917.0,291652.0,2554497.0,3268.0,270548.0,14.1,2.8,1341.0,586,18.1,전북순창,순창군,쉴랜드,P3,38147.268,2.5521
202502,242011.0,513828.0,271817.0,1937173.0,2722.0,210310.0,8.3,2.81,1104.0,1523,18.5,전북순창,순창군,쉴랜드,P3,17455.73,1.5355
202503,369974.0,679287.0,309312.0,2733017.0,3678.0,322275.0,8.9,2.66,1166.0,1131,12.3,전북순창,순창군,쉴랜드,P3,28682.475,1.0947
202504,393796.0,740358.0,346563.0,2754520.0,9653.0,348636.0,8.0,2.61,776.0,914,12.6,전북순창,순창군,쉴랜드,P4,27890.88,1.008
202505,460600.0,816571.0,355971.0,3277428.0,6935.0,394954.0,10.2,2.63,979.0,1656,12.7,전북순창,순창군,쉴랜드,P4,40285.308,1.2954
202506,402563.0,742242.0,339678.0,3027514.0,7687.0,356180.0,7.7,2.69,848.0,1260,13.7,전북순창,순창군,쉴랜드,P4,27425.86,1.0549
202507,403442.0,753714.0,350273.0,3004318.0,7798.0,351261.0,9.0,2.66,942.0,1225,14.0,전북순창,순창군,쉴랜드,P4,31613.49,1.26
202508,467828.0,813036.0,345208.0,3621632.0,6016.0,405337.0,9.4,2.64,886.0,1899,12.2,전북순창,순창군,쉴랜드,P4,38101.678,1.1468
202509,361582.0,714872.0,353290.0,2569877.0,8390.0,324495.0,7.1,2.62,863.0,732,12.5,전북순창,순창군,쉴랜드,P4,23039.145,0.8875
202510,608920.0,954412.0,345492.0,4114571.0,9254.0,506464.0,11.6,2.75,980.0,2366,16.0,전북순창,순창군,쉴랜드,P4,58749.824,1.856
202511,640958.0,999761.0,358802.0,4284442.0,9454.0,586842.0,6.1,2.5,591.0,2076,10.0,전북순창,순창군,쉴랜드,P4,35797.362,0.61
202512,295670.0,638032.0,342363.0,2503576.0,5284.0,258496.0,8.8,2.63,951.0,722,12.8,전북순창,순창군,쉴랜드,P4,22747.648,1.1264
202601,278523.0,600134.0,321612.0,2206453.0,2214.0,240223.0,9.0,2.78,1273.0,393,15.8,전북순창,순창군,쉴랜드,P4,21620.07,1.422
202602,363422.0,643122.0,279699.0,2772275.0,4895.0,294764.0,13.4,2.74,1101.0,1676,17.0,전북순창,순창군,쉴랜드,P4,39498.376,2.278
202603,352936.0,684614.0,331678.0,2725470.0,3982.0,313388.0,7.1,2.77,1127.0,829,15.6,전북순창,순창군,쉴랜드,P4,22250.548,1.1076
202204,1704378.0,2762893.0,1058516.0,24522118.0,39828.0,1547059.0,6.3,2.63,746.0,6684,12.7,전북완주,완주군,아원고택,P1,97464.717,0.8001
202205,1697538.0,2804242.0,1106704.0,27462339.0,38042.0,1528631.0,7.1,2.56,754.0,8987,11.1,전북완주,완주군,아원고택,P1,108532.801,0.7881
202206,1596546.0,2638548.0,1042002.0,25663506.0,30398.0,1404443.0,7.9,2.74,1064.0,10901,15.4,전북완주,완주군,아원고택,P1,110950.997,1.2166
202207,2256205.0,3417494.0,1161290.0,29269643.0,40878.0,1956852.0,9.0,2.7,1438.0,20210,13.8,전북완주,완주군,아원고택,P1,176116.68,1.242
202208,2012374.0,3082516.0,1070142.0,27081958.0,32107.0,1773525.0,8.7,2.54,839.0,21178,10.6,전북완주,완주군,아원고택,P1,154296.675,0.9222
202209,1939508.0,3133634.0,1194126.0,25984206.0,33311.0,1708066.0,8.0,2.69,1051.0,7051,14.8,전북완주,완주군,아원고택,P1,136645.28,1.184
202210,1944526.0,3156601.0,1212074.0,28053504.0,57183.0,1749103.0,7.2,2.56,795.0,11090,10.9,전북완주,완주군,아원고택,P1,125935.416,0.7848
202211,1732241.0,3020346.0,1288105.0,26722048.0,39876.0,1560385.0,7.0,2.58,741.0,7791,12.0,전북완주,완주군,아원고택,P1,109226.95,0.84
202212,1393514.0,2611133.0,1217618.0,23574297.0,29663.0,1230515.0,8.2,2.62,926.0,5954,12.9,전북완주,완주군,아원고택,P1,100902.23,1.0578
202301,1626555.0,2757209.0,1130654.0,23337255.0,28515.0,1410979.0,9.0,2.7,1061.0,5382,14.6,전북완주,완주군,아원고택,P1,126988.11,1.314
202302,1466728.0,2557142.0,1090414.0,20880104.0,31109.0,1312958.0,6.8,2.72,923.0,5219,15.0,전북완주,완주군,아원고택,P1,89281.144,1.02
202303,1932144.0,3165456.0,1233312.0,24107157.0,57560.0,1712165.0,6.6,2.95,1394.0,5951,20.3,전북완주,완주군,아원고택,P1,113002.89,1.3398
202304,1823773.0,3044724.0,1220950.0,23551156.0,56680.0,1650021.0,6.8,2.54,690.0,7716,10.3,전북완주,완주군,아원고택,P2,112201.428,0.7004
202305,1933127.0,3320580.0,1387452.0,24842261.0,55293.0,1727702.0,7.4,2.61,804.0,8361,12.1,전북완주,완주군,아원고택,P2,127849.948,0.8954
202306,1877393.0,3080063.0,1202670.0,23183265.0,48566.0,1681022.0,7.3,2.61,791.0,10589,12.4,전북완주,완주군,아원고택,P2,122714.606,0.9052
202307,1963812.0,3119865.0,1156054.0,23829253.0,45788.0,1723364.0,8.8,2.58,942.0,17051,11.6,전북완주,완주군,아원고택,P2,151656.032,1.0208
202308,2178074.0,3290637.0,1112562.0,26108456.0,35807.0,1923911.0,8.6,2.54,822.0,25123,10.8,전북완주,완주군,아원고택,P2,165456.346,0.9288
202309,2050559.0,3173758.0,1123199.0,26319686.0,52264.0,1781052.0,9.2,2.64,1006.0,8462,13.9,전북완주,완주군,아원고택,P2,163856.784,1.2788
202310,2101186.0,3375806.0,1274620.0,25200198.0,77929.0,1887158.0,7.0,2.62,797.0,9343,12.3,전북완주,완주군,아원고택,P2,132101.06,0.861
202311,1816902.0,3106422.0,1289519.0,23054504.0,82480.0,1629621.0,7.1,2.63,805.0,7827,12.6,전북완주,완주군,아원고택,P2,115703.091,0.8946
202312,1600280.0,2810042.0,1209761.0,22404453.0,63725.0,1411630.0,8.2,2.62,920.0,6058,12.6,전북완주,완주군,아원고택,P2,115753.66,1.0332
202401,1613616.0,2807704.0,1194088.0,20957013.0,43471.0,1440344.0,6.8,2.77,985.0,4966,16.5,전북완주,완주군,아원고택,P2,97943.392,1.122
202402,1710527.0,2776655.0,1066128.0,21775637.0,28800.0,1479709.0,9.3,2.68,986.0,4837,14.4,전북완주,완주군,아원고택,P2,137612.937,1.3392
202403,1980800.0,3201618.0,1220818.0,24310038.0,57139.0,1758554.0,6.7,2.89,1269.0,5936,18.3,전북완주,완주군,아원고택,P2,117823.118,1.2261
202404,1895254.0,3101452.0,1206198.0,24017095.0,69783.0,1731575.0,5.9,2.59,640.0,6682,11.5,전북완주,완주군,아원고택,P3,102162.925,0.6785
202405,1997821.0,3381626.0,1383806.0,26041309.0,54744.0,1795368.0,7.1,2.59,743.0,9051,11.7,전북완주,완주군,아원고택,P3,127471.128,0.8307
202406,1925956.0,3290018.0,1364062.0,24199935.0,65491.0,1737251.0,7.1,2.54,695.0,11336,10.7,전북완주,완주군,아원고택,P3,123344.821,0.7597
202407,1967438.0,3274663.0,1307226.0,24274162.0,47448.0,1748280.0,7.8,2.6,821.0,15943,12.4,전북완주,완주군,아원고택,P3,136365.84,0.9672
202408,2274164.0,3539599.0,1265436.0,26606925.0,47248.0,2021886.0,8.2,2.53,774.0,26471,10.2,전북완주,완주군,아원고택,P3,165794.652,0.8364
202409,2095898.0,3391906.0,1296008.0,24575427.0,83588.0,1843970.0,7.7,2.76,990.0,7371,16.2,전북완주,완주군,아원고택,P3,141985.69,1.2474
202410,1994636.0,3356500.0,1361864.0,24210986.0,136560.0,1815309.0,6.0,2.63,724.0,7842,13.1,전북완주,완주군,아원고택,P3,108918.54,0.786
202411,1965712.0,3355373.0,1389661.0,24066852.0,94988.0,1770158.0,7.0,2.58,736.0,7868,11.5,전북완주,완주군,아원고택,P3,123911.06,0.805
202412,1623783.0,2964784.0,1341000.0,23352609.0,64193.0,1466831.0,6.6,2.61,746.0,5059,12.6,전북완주,완주군,아원고택,P3,96810.846,0.8316
202501,1739066.0,2961112.0,1222046.0,22323130.0,50822.0,1518646.0,8.4,2.73,908.0,5097,16.3,전북완주,완주군,아원고택,P3,127566.264,1.3692
202502,1471376.0,2641842.0,1170466.0,19746078.0,38029.0,1326133.0,6.3,2.74,854.0,4349,15.7,전북완주,완주군,아원고택,P3,83546.379,0.9891
202503,2055802.0,3345024.0,1289222.0,23654162.0,131992.0,1823035.0,6.8,2.88,1293.0,5458,18.7,전북완주,완주군,아원고택,P3,123966.38,1.2716
202504,1905841.0,3262644.0,1356803.0,23606118.0,92182.0,1744288.0,5.8,2.59,612.0,5701,11.8,전북완주,완주군,아원고택,P4,101168.704,0.6844
202505,2209792.0,3673870.0,1464078.0,26172565.0,91396.0,1963806.0,7.5,2.68,880.0,9101,13.7,전북완주,완주군,아원고택,P4,147285.45,1.0275
202506,1986828.0,3422657.0,1435830.0,23706397.0,75347.0,1800379.0,6.4,2.62,713.0,8873,12.7,전북완주,완주군,아원고택,P4,115224.256,0.8128
202507,2170284.0,3615444.0,1445160.0,25797020.0,64740.0,1931006.0,7.6,2.63,860.0,17665,13.0,전북완주,완주군,아원고택,P4,146756.456,0.988
202508,2379713.0,3831870.0,1452157.0,26558344.0,80758.0,2118157.0,8.1,2.53,765.0,22126,10.4,전북완주,완주군,아원고택,P4,171570.717,0.8424
202509,1963143.0,3451595.0,1488452.0,24263762.0,155583.0,1769888.0,6.0,2.81,972.0,6810,17.3,전북완주,완주군,아원고택,P4,106193.28,1.038
202510,2300284.0,3710458.0,1410174.0,27017244.0,193393.0,2011402.0,8.4,2.71,803.0,14872,15.2,전북완주,완주군,아원고택,P4,168957.768,1.2768
202511,2112506.0,3631530.0,1519024.0,26840848.0,186283.0,1917509.0,6.1,2.66,755.0,9738,13.4,전북완주,완주군,아원고택,P4,116968.049,0.8174
202512,1722252.0,3176142.0,1453890.0,24875058.0,150949.0,1547150.0,6.7,2.68,845.0,6473,14.5,전북완주,완주군,아원고택,P4,103659.05,0.9715
202601,1639960.0,2987954.0,1347994.0,23464101.0,100658.0,1463786.0,6.6,2.82,960.0,5386,16.9,전북완주,완주군,아원고택,P4,96609.876,1.1154
202602,1727302.0,2913638.0,1186336.0,23875356.0,48383.0,1513447.0,8.3,2.71,861.0,5572,15.1,전북완주,완주군,아원고택,P4,125616.101,1.2533
202603,2066732.0,3468622.0,1401890.0,24941873.0,274719.0,1831413.0,7.0,2.85,1286.0,5435,18.1,전북완주,완주군,아원고택,P4,128198.91,1.267
