지역키,지역,시설,기간,LQ,상태,필요분모,중단사유
전남완도,완도군,완도 해양치유센터,P1,,NOT_COMPUTABLE,전남/전북 일반 관광시장의 출발지역별 방문 점유율,세 처치지역 자기포함 평균은 독립 benchmark가 아니며 LQ가 기계적으로 커질 수 있음
전남완도,완도군,완도 해양치유센터,P2,,NOT_COMPUTABLE,전남/전북 일반 관광시장의 출발지역별 방문 점유율,세 처치지역 자기포함 평균은 독립 benchmark가 아니며 LQ가 기계적으로 커질 수 있음
전남완도,완도군,완도 해양치유센터,P3,,NOT_COMPUTABLE,전남/전북 일반 관광시장의 출발지역별 방문 점유율,세 처치지역 자기포함 평균은 독립 benchmark가 아니며 LQ가 기계적으로 커질 수 있음
전남완도,완도군,완도 해양치유센터,P4,,NOT_COMPUTABLE,전남/전북 일반 관광시장의 출발지역별 방문 점유율,세 처치지역 자기포함 평균은 독립 benchmark가 아니며 LQ가 기계적으로 커질 수 있음
전북순창,순창군,쉴랜드,P1,,NOT_COMPUTABLE,전남/전북 일반 관광시장의 출발지역별 방문 점유율,세 처치지역 자기포함 평균은 독립 benchmark가 아니며 LQ가 기계적으로 커질 수 있음
전북순창,순창군,쉴랜드,P2,,NOT_COMPUTABLE,전남/전북 일반 관광시장의 출발지역별 방문 점유율,세 처치지역 자기포함 평균은 독립 benchmark가 아니며 LQ가 기계적으로 커질 수 있음
전북순창,순창군,쉴랜드,P3,,NOT_COMPUTABLE,전남/전북 일반 관광시장의 출발지역별 방문 점유율,세 처치지역 자기포함 평균은 독립 benchmark가 아니며 LQ가 기계적으로 커질 수 있음
전북순창,순창군,쉴랜드,P4,,NOT_COMPUTABLE,전남/전북 일반 관광시장의 출발지역별 방문 점유율,세 처치지역 자기포함 평균은 독립 benchmark가 아니며 LQ가 기계적으로 커질 수 있음
전북완주,완주군,아원고택,P1,,NOT_COMPUTABLE,전남/전북 일반 관광시장의 출발지역별 방문 점유율,세 처치지역 자기포함 평균은 독립 benchmark가 아니며 LQ가 기계적으로 커질 수 있음
전북완주,완주군,아원고택,P2,,NOT_COMPUTABLE,전남/전북 일반 관광시장의 출발지역별 방문 점유율,세 처치지역 자기포함 평균은 독립 benchmark가 아니며 LQ가 기계적으로 커질 수 있음
전북완주,완주군,아원고택,P3,,NOT_COMPUTABLE,전남/전북 일반 관광시장의 출발지역별 방문 점유율,세 처치지역 자기포함 평균은 독립 benchmark가 아니며 LQ가 기계적으로 커질 수 있음
전북완주,완주군,아원고택,P4,,NOT_COMPUTABLE,전남/전북 일반 관광시장의 출발지역별 방문 점유율,세 처치지역 자기포함 평균은 독립 benchmark가 아니며 LQ가 기계적으로 커질 수 있음
