지역키,지역,시설,변화구간,중분류,기준소비_천원,실제변화_D_천원,NS_천원,IM_천원,RS_천원,RS_share_보조,3지역전체성장률_pct,3지역업종성장률_pct,지역업종성장률_pct,성장률gap_3개지역업종대비_pctp,benchmark_정의,분해오차
전남완도,완도군,완도 해양치유센터,P2→P3,골프장,131465.0,-23956.0,-4212.6776381775,-25251.7736046286,5508.4512428061,-0.2299403591,-3.2044100241,-22.4123920761,-18.2223405469,4.1900515292,완도·순창·완주 3개 처치지역 합계(일반 비교시장 아님),0.0
전북순창,순창군,쉴랜드,P2→P3,골프장,1592069.0,-507846.0,-51016.4186265208,-305804.3277750542,-151025.253598425,0.2973839581,-3.2044100241,-22.4123920761,-31.8984918367,-9.4860997607,완도·순창·완주 3개 처치지역 합계(일반 비교시장 아님),-1e-10
전북완주,완주군,아원고택,P2→P3,골프장,2786703.0,-479050.0,-89297.3902737767,-535269.4120818424,145516.8023556192,-0.3037611989,-3.2044100241,-22.4123920761,-17.1905653383,5.2218267377,완도·순창·완주 3개 처치지역 합계(일반 비교시장 아님),-1e-10
전남완도,완도군,완도 해양치유센터,P2→P3,관광유원시설,41089.0,-19830.0,-1316.6600348007,3903.981392569,-22417.3213577683,1.1304751063,-3.2044100241,6.2968710793,-48.2610917764,-54.5579628557,완도·순창·완주 3개 처치지역 합계(일반 비교시장 아님),0.0
전북순창,순창군,쉴랜드,P2→P3,관광유원시설,756844.0,77907.0,-24252.3850027672,71909.8759540881,30249.5090486791,0.3882771644,-3.2044100241,6.2968710793,10.2936668587,3.9967957794,완도·순창·완주 3개 처치지역 합계(일반 비교시장 아님),-0.0
전북완주,완주군,아원고택,P2→P3,관광유원시설,2653289.0,159242.0,-85022.2586842296,252096.44637514,-7832.1876909103,-0.0491841831,-3.2044100241,6.2968710793,6.001683194,-0.2951878853,완도·순창·완주 3개 처치지역 합계(일반 비교시장 아님),-1e-10
전남완도,완도군,완도 해양치유센터,P2→P3,기타관광쇼핑,24490972.0,-2533897.0,-784791.1617664805,-66249.5196977294,-1682856.318535789,0.6641376183,-3.2044100241,-3.4749159056,-10.346249222,-6.8713333164,완도·순창·완주 3개 처치지역 합계(일반 비교시장 아님),-9e-10
전북순창,순창군,쉴랜드,P2→P3,기타관광쇼핑,8347242.0,331113.0,-267479.8593835296,-22579.780553451,621172.6399369813,1.8760140494,-3.2044100241,-3.4749159056,3.96673536,7.4416512656,완도·순창·완주 3개 처치지역 합계(일반 비교시장 아님),-6e-10
전북완주,완주군,아원고택,P2→P3,기타관광쇼핑,70312829.0,-1381628.0,-2253111.3407012955,-190200.337897515,1061683.678598808,-0.7684294749,-3.2044100241,-3.4749159056,-1.9649728501,1.5099430555,완도·순창·완주 3개 처치지역 합계(일반 비교시장 아님),2.6e-09
전남완도,완도군,완도 해양치유센터,P2→P3,기타레저,239439.0,-15811.0,-7672.6073175946,1732.9376838425,-9871.3303662479,0.6243330824,-3.2044100241,-2.4806608922,-6.603352002,-4.1226911097,완도·순창·완주 3개 처치지역 합계(일반 비교시장 아님),0.0
전북순창,순창군,쉴랜드,P2→P3,기타레저,297675.0,121598.0,-9538.727539227,2154.4202282745,128982.3073109524,1.0607272102,-3.2044100241,-2.4806608922,40.8492483413,43.3299092335,완도·순창·완주 3개 처치지역 합계(일반 비교시장 아님),0.0
전북완주,완주군,아원고택,P2→P3,기타레저,2054655.0,-170080.0,-65839.5707805843,14870.547725289,-119110.9769447046,0.7003232417,-3.2044100241,-2.4806608922,-8.2777887285,-5.7971278363,완도·순창·완주 3개 처치지역 합계(일반 비교시장 아님),-1e-10
전남완도,완도군,완도 해양치유센터,P2→P3,기타숙박,2391858.0,-543141.0,-76644.9375141358,-241686.06064262,-224810.001843244,0.4139072577,-3.2044100241,-13.3089421762,-22.7079115901,-9.3989694139,완도·순창·완주 3개 처치지역 합계(일반 비교시장 아님),0.0
전북순창,순창군,쉴랜드,P2→P3,기타숙박,345101.0,-2911.0,-11058.4510372546,-34870.841502225,43018.2925394796,-14.7778401029,-3.2044100241,-13.3089421762,-0.8435211721,12.4654210041,완도·순창·완주 3개 처치지역 합계(일반 비교시장 아님),-0.0
전북완주,완주군,아원고택,P2→P3,기타숙박,2871631.0,-200392.0,-92018.8316190407,-290164.8776847236,181791.7093037644,-0.9071804728,-3.2044100241,-13.3089421762,-6.9783339155,6.3306082607,완도·순창·완주 3개 처치지역 합계(일반 비교시장 아님),-1e-10
전남완도,완도군,완도 해양치유센터,P2→P3,레저용품쇼핑,994350.0,-183474.0,-31863.051074596,-139307.2019754676,-12303.7469499364,0.0670598938,-3.2044100241,-17.214286021,-18.4516518329,-1.2373658118,완도·순창·완주 3개 처치지역 합계(일반 비교시장 아님),-0.0
전북순창,순창군,쉴랜드,P2→P3,레저용품쇼핑,132996.0,-16118.0,-4261.7371556464,-18632.5746808762,6776.3118365226,-0.4204189004,-3.2044100241,-17.214286021,-12.1191614785,5.0951245425,완도·순창·완주 3개 처치지역 합계(일반 비교시장 아님),0.0
전북완주,완주군,아원고택,P2→P3,레저용품쇼핑,735566.0,-121095.0,-23570.5506378401,-103051.8844755738,5527.4351134138,-0.0456454446,-3.2044100241,-17.214286021,-16.462832703,0.751453318,완도·순창·완주 3개 처치지역 합계(일반 비교시장 아님),0.0
전남완도,완도군,완도 해양치유센터,P2→P3,문화서비스,25212.0,-4745.0,-807.895855275,202.6315035388,-4139.7356482638,0.872441654,-3.2044100241,-2.4006994754,-18.8204029827,-16.4197035073,완도·순창·완주 3개 처치지역 합계(일반 비교시장 아님),0.0
전북순창,순창군,쉴랜드,P2→P3,문화서비스,82850.0,-10083.0,-2654.8537049633,665.8741895998,-8094.0204846365,0.8027393122,-3.2044100241,-2.4006994754,-12.1701870851,-9.7694876097,완도·순창·완주 3개 처치지역 합계(일반 비교시장 아님),0.0
전북완주,완주군,아원고택,P2→P3,문화서비스,132118.0,9062.0,-4233.6024356348,1061.8463027345,12233.7561329003,1.3500061943,-3.2044100241,-2.4006994754,6.859019967,9.2597194424,완도·순창·완주 3개 처치지역 합계(일반 비교시장 아님),-0.0
전남완도,완도군,완도 해양치유센터,P2→P3,뷰티,474403.0,-52648.0,-15201.8172866109,-3978.7897382125,-33467.3929751766,0.6356821337,-3.2044100241,-4.043104075,-11.0977375775,-7.0546335026,완도·순창·완주 3개 처치지역 합계(일반 비교시장 아님),0.0
전북순창,순창군,쉴랜드,P2→P3,뷰티,400775.0,1187.0,-12842.4742740697,-3361.2760824281,17390.7503564977,14.6510112523,-3.2044100241,-4.043104075,0.2961761587,4.3392802337,완도·순창·완주 3개 처치지역 합계(일반 비교시장 아님),0.0
전북완주,완주군,아원고택,P2→P3,뷰티,3058928.0,-107599.0,-98020.5954618713,-25655.0471568074,16076.6426186787,-0.1494125653,-3.2044100241,-4.043104075,-3.5175394779,0.5255645971,완도·순창·완주 3개 처치지역 합계(일반 비교시장 아님),-0.0
전남완도,완도군,완도 해양치유센터,P2→P3,육상운송,4501601.0,-712673.0,-144249.753688794,-41689.7844010136,-526733.4619101925,0.7390955767,-3.2044100241,-4.130520188,-15.8315452658,-11.7010250777,완도·순창·완주 3개 처치지역 합계(일반 비교시장 아님),0.0
전북순창,순창군,쉴랜드,P2→P3,육상운송,18111853.0,-8911497.0,-580378.0330814847,-167735.711510827,-8163383.255407688,0.9160507214,-3.2044100241,-4.130520188,-49.2025691684,-45.0720489803,완도·순창·완주 3개 처치지역 합계(일반 비교시장 아님),0.0
전북완주,완주군,아원고택,P2→P3,육상운송,118208470.0,3807492.0,-3787884.062010204,-1094740.6553076736,8690116.717317866,2.2823729419,-3.2044100241,-4.130520188,3.2209976155,7.3515178035,완도·순창·완주 3개 처치지역 합계(일반 비교시장 아님),1.12e-08
전남완도,완도군,완도 해양치유센터,P2→P3,일반외식업,15229278.0,-1232113.0,-488008.510829407,385323.7260318703,-1129428.2152024629,0.9166596044,-3.2044100241,-0.6742590476,-8.090422934,-7.4161638864,완도·순창·완주 3개 처치지역 합계(일반 비교시장 아님),-5e-10
전북순창,순창군,쉴랜드,P2→P3,일반외식업,13025031.0,392278.0,-417375.3990055774,329552.9490367578,480100.4499688184,1.2238780915,-3.2044100241,-0.6742590476,3.011724118,3.6859831656,완도·순창·완주 3개 처치지역 합계(일반 비교시장 아님),1.2e-09
전북완주,완주군,아원고택,P2→P3,일반외식업,66859728.0,198520.0,-2142459.8261151453,1691652.0608815053,649327.7652336421,3.2708430648,-3.2044100241,-0.6742590476,0.296920143,0.9711791906,완도·순창·완주 3개 처치지역 합계(일반 비교시장 아님),-2e-09
전남완도,완도군,완도 해양치유센터,P2→P3,제과음료업,1753343.0,-54212.0,-56184.2988487809,62301.7530945184,-60329.4542457374,1.1128431758,-3.2044100241,0.3489023109,-3.0919221168,-3.4408244277,완도·순창·완주 3개 처치지역 합계(일반 비교시장 아님),-1e-10
전북순창,순창군,쉴랜드,P2→P3,제과음료업,1674377.0,62127.0,-53653.9044291535,59495.8444760326,56285.0599531209,0.9059677749,-3.2044100241,0.3489023109,3.7104546945,3.3615523836,완도·순창·완주 3개 처치지역 합계(일반 비교시장 아님),0.0
전북완주,완주군,아원고택,P2→P3,제과음료업,12175788.0,46526.0,-390162.171184646,432643.7768920286,4044.3942926168,0.0869276167,-3.2044100241,0.3489023109,0.3821190054,0.0332166944,완도·순창·완주 3개 처치지역 합계(일반 비교시장 아님),6e-10
전남완도,완도군,완도 해양치유센터,P2→P3,캠핑장/펜션,143636.0,13975.0,-4602.6863822102,12200.6870360553,6376.9993461548,0.4563148012,-3.2044100241,5.2897606825,9.7294550113,4.4396943288,완도·순창·완주 3개 처치지역 합계(일반 비교시장 아님),0.0
전북순창,순창군,쉴랜드,P2→P3,캠핑장/펜션,159349.0,-9306.0,-5106.1953292963,13535.376079175,-17735.1807498787,1.9057791478,-3.2044100241,5.2897606825,-5.840011547,-11.1297722294,완도·순창·완주 3개 처치지역 합계(일반 비교시장 아님),0.0
전북완주,완주군,아원고택,P2→P3,캠핑장/펜션,88545.0,16042.0,-2837.3448558356,7521.1634521117,11358.1814037238,0.7080277649,-3.2044100241,5.2897606825,18.1173414648,12.8275807823,완도·순창·완주 3개 처치지역 합계(일반 비교시장 아님),0.0
전남완도,완도군,완도 해양치유센터,P3→P4,골프장,107509.0,-40458.0,5347.4412894698,-31482.3417496935,-14323.0995397763,0.3540239147,4.9739475667,-24.3095000979,-37.6321982346,-13.3226981367,완도·순창·완주 3개 처치지역 합계(일반 비교시장 아님),-0.0
전북순창,순창군,쉴랜드,P3→P4,골프장,1084223.0,-533067.0,53928.6835259638,-317497.8747721398,-269497.808753824,0.5055608559,4.9739475667,-24.3095000979,-49.1658081409,-24.8563080431,완도·순창·완주 3개 처치지역 합계(일반 비교시장 아님),0.0
전북완주,완주군,아원고택,P3→P4,골프장,2307653.0,-277158.0,114781.4502410859,-675760.358534686,283820.9082936001,-1.0240401081,4.9739475667,-24.3095000979,-12.0103845769,12.299115521,완도·순창·완주 3개 처치지역 합계(일반 비교시장 아님),0.0
전남완도,완도군,완도 해양치유센터,P3→P4,관광유원시설,21259.0,10494.0,1057.411513202,-8084.0916639759,17520.6801507738,1.6695902564,4.9739475667,-33.0527313174,49.3626228891,82.4153542066,완도·순창·완주 3개 처치지역 합계(일반 비교시장 아님),0.0
전북순창,순창군,쉴랜드,P3→P4,관광유원시설,834751.0,5948.0,41520.0770523977,-317428.0822520124,281856.0051996147,47.386685474,4.9739475667,-33.0527313174,0.7125478137,33.7652791311,완도·순창·완주 3개 처치지역 합계(일반 비교시장 아님),1e-10
전북완주,완주군,아원고택,P3→P4,관광유원시설,2812531.0,-1228995.0,139893.8172368253,-1069512.1318864366,-299376.6853503886,0.2435947139,4.9739475667,-33.0527313174,-43.6971183607,-10.6443870432,완도·순창·완주 3개 처치지역 합계(일반 비교시장 아님),0.0
전남완도,완도군,완도 해양치유센터,P3→P4,기타관광쇼핑,21957075.0,1408766.0,1092133.3976782002,688179.8865096037,-371547.2841878057,-0.263739531,4.9739475667,8.1081532225,6.4160003097,-1.6921529128,완도·순창·완주 3개 처치지역 합계(일반 비교시장 아님),1.9e-09
전북순창,순창군,쉴랜드,P3→P4,기타관광쇼핑,8678355.0,1848532.0,431656.8273509835,271997.4932448904,1144877.6794041265,0.6193442577,4.9739475667,8.1081532225,21.300488399,13.1923351765,완도·순창·완주 3개 처치지역 합계(일반 비교시장 아님),-5e-10
전북완주,완주군,아원고택,P3→P4,기타관광쇼핑,68931201.0,4815717.0,3428601.794827815,2160445.600388516,-773330.395216329,-0.1605846845,4.9739475667,8.1081532225,6.9862659146,-1.1218873079,완도·순창·완주 3개 처치지역 합계(일반 비교시장 아님),-1.9e-09
전남완도,완도군,완도 해양치유센터,P3→P4,기타레저,223628.0,76236.0,11123.1394644314,-5338.042730773,70450.9032663416,0.9241159461,4.9739475667,2.5869286197,34.0905432236,31.5036146039,완도·순창·완주 3개 처치지역 합계(일반 비교시장 아님),0.0
전북순창,순창군,쉴랜드,P3→P4,기타레저,419273.0,-36457.0,20854.4191812767,-10008.1259496101,-47303.2932316667,1.297509209,4.9739475667,2.5869286197,-8.6952892268,-11.2822178465,완도·순창·완주 3개 처치지역 합계(일반 비교시장 아님),-0.0
전북완주,완주군,아원고택,P3→P4,기타레저,1884575.0,25605.0,93737.7723548967,-44985.1623202218,-23147.6100346749,-0.9040269492,4.9739475667,2.5869286197,1.3586617672,-1.2282668525,완도·순창·완주 3개 처치지역 합계(일반 비교시장 아님),-0.0
전남완도,완도군,완도 해양치유센터,P3→P4,기타숙박,1848717.0,285344.0,91954.214236434,174018.4400991206,19371.3456644452,0.0678876923,4.9739475667,14.3868777285,15.4347041759,1.0478264474,완도·순창·완주 3개 처치지역 합계(일반 비교시장 아님),2e-10
전북순창,순창군,쉴랜드,P3→P4,기타숙박,342190.0,2896.0,17020.3511784472,32210.1057206257,-46334.4568990729,-15.9994671613,4.9739475667,14.3868777285,0.8463134516,-13.5405642769,완도·순창·완주 3개 처치지역 합계(일반 비교시장 아님),-0.0
전북완주,완주군,아원고택,P3→P4,기타숙박,2671239.0,411271.0,132866.0272409015,251441.8615244706,26963.1112346281,0.0655604485,4.9739475667,14.3868777285,15.3962636814,1.0093859529,완도·순창·완주 3개 처치지역 합계(일반 비교시장 아님),-2e-10
전남완도,완도군,완도 해양치유센터,P3→P4,레저용품쇼핑,810876.0,60275.0,40332.5470708511,-50611.0829031713,70553.5358323202,1.1705273469,4.9739475667,-1.2675841722,7.4333190278,8.7009032,완도·순창·완주 3개 처치지역 합계(일반 비교시장 아님),-0.0
전북순창,순창군,쉴랜드,P3→P4,레저용품쇼핑,116878.0,-17086.0,5813.4504369928,-7294.9774657985,-15604.4729711942,0.9132900018,4.9739475667,-1.2675841722,-14.6186621948,-13.3510780225,완도·순창·완주 3개 처치지역 합계(일반 비교시장 아님),0.0
전북완주,완주군,아원고택,P3→P4,레저용품쇼핑,614471.0,-62738.0,30563.465352499,-38352.402491373,-54949.062861126,0.8758497699,4.9739475667,-1.2675841722,-10.2100831447,-8.9424989725,완도·순창·완주 3개 처치지역 합계(일반 비교시장 아님),0.0
전남완도,완도군,완도 해양치유센터,P3→P4,렌터카,18979.0,14686.0,944.0055086816,13320.3041917418,421.6902995766,0.0287137614,4.9739475667,75.1583840056,77.3802623953,2.2218783897,완도·순창·완주 3개 처치지역 합계(일반 비교시장 아님),0.0
전북순창,순창군,쉴랜드,P3→P4,렌터카,3220.0,18119.0,160.1611116473,2259.9388533331,15698.9000350196,0.866433028,4.9739475667,75.1583840056,562.701863354,487.5434793484,완도·순창·완주 3개 처치지역 합계(일반 비교시장 아님),0.0
전북완주,완주군,아원고택,P3→P4,렌터카,40623.0,14411.0,2020.5667200154,28511.0236145808,-16120.5903345962,-1.1186309302,4.9739475667,75.1583840056,35.4749772296,-39.683406776,완도·순창·완주 3개 처치지역 합계(일반 비교시장 아님),-0.0
전남완도,완도군,완도 해양치유센터,P3→P4,문화서비스,20467.0,-1612.0,1018.0178484739,-164.112962247,-2465.9048862269,1.5297176714,4.9739475667,4.1721057616,-7.8760932232,-12.0481989848,완도·순창·완주 3개 처치지역 합계(일반 비교시장 아님),-0.0
전북순창,순창군,쉴랜드,P3→P4,문화서비스,72767.0,-16283.0,3619.3924258513,-583.4762263069,-19318.9161995444,1.1864469815,4.9739475667,4.1721057616,-22.3769016175,-26.5490073791,완도·순창·완주 3개 처치지역 합계(일반 비교시장 아님),-0.0
전북완주,완주군,아원고택,P3→P4,문화서비스,141180.0,27675.0,7022.2191746491,-1132.0402604204,21784.8210857713,0.7871660736,4.9739475667,4.1721057616,19.6026349341,15.4305291725,완도·순창·완주 3개 처치지역 합계(일반 비교시장 아님),0.0
전남완도,완도군,완도 해양치유센터,P3→P4,뷰티,421755.0,105608.0,20977.8725598819,7579.2294714576,77050.8979686605,0.7295933828,4.9739475667,6.77101683,25.0401299333,18.2691131033,완도·순창·완주 3개 처치지역 합계(일반 비교시장 아님),0.0
전북순창,순창군,쉴랜드,P3→P4,뷰티,401962.0,-17523.0,19993.3791180075,7223.5355521713,-44739.9146701788,2.553210904,4.9739475667,6.77101683,-4.3593673034,-11.1303841334,완도·순창·완주 3개 처치지역 합계(일반 비교시장 아님),0.0
전북완주,완주군,아원고택,P3→P4,뷰티,2951329.0,167524.0,146797.5569804359,53037.4263180457,-32310.9832984813,-0.1928737572,4.9739475667,6.77101683,5.6762224747,-1.0947943553,완도·순창·완주 3개 처치지역 합계(일반 비교시장 아님),-3e-10
전남완도,완도군,완도 해양치유센터,P3→P4,육상운송,3788928.0,552320.0,188459.2920595328,-42555.7862352929,406416.49417576,0.7358351937,4.9739475667,3.8507859169,14.5772102294,10.7264243125,완도·순창·완주 3개 처치지역 합계(일반 비교시장 아님),0.0
전북순창,순창군,쉴랜드,P3→P4,육상운송,9200356.0,-465809.0,457620.8833885668,-103334.8702389157,-820095.0131496515,1.7605821552,4.9739475667,3.8507859169,-5.0629453904,-8.9137313072,완도·순창·완주 3개 처치지역 합계(일반 비교시장 아님),4e-10
전북완주,완주군,아원고택,P3→P4,육상운송,122015962.0,5112252.0,6069009.972869071,-1370436.4918429758,413678.5189739173,0.080919039,4.9739475667,3.8507859169,4.1898223119,0.3390363951,완도·순창·완주 3개 처치지역 합계(일반 비교시장 아님),-1.3e-08
전남완도,완도군,완도 해양치유센터,P3→P4,일반외식업,13997165.0,2078601.0,696211.6479227031,203226.4524303274,1179162.8996469686,0.5672867951,4.9739475667,6.4258590961,14.8501571568,8.4242980607,완도·순창·완주 3개 처치지역 합계(일반 비교시장 아님),9e-10
전북순창,순창군,쉴랜드,P3→P4,일반외식업,13417309.0,-624839.0,667369.9145204128,194807.4563121535,-1487016.3708325666,2.3798392399,4.9739475667,6.4258590961,-4.6569621375,-11.0828212336,완도·순창·완주 3개 처치지역 합계(일반 비교시장 아님),3e-10
전북완주,완주군,아원고택,P3→P4,일반외식업,67058248.0,4616922.0,3335442.094659119,973626.4341552808,307853.4711855942,0.0666793745,4.9739475667,6.4258590961,6.8849427739,0.4590836778,완도·순창·완주 3개 처치지역 합계(일반 비교시장 아님),6.5e-09
전남완도,완도군,완도 해양치유센터,P3→P4,제과음료업,1699131.0,268278.0,84513.8850293292,29817.776429461,153946.3385412097,0.5738313933,4.9739475667,6.7288314708,15.7891298552,9.0602983844,완도·순창·완주 3개 처치지역 합계(일반 비교시장 아님),2e-10
전북순창,순창군,쉴랜드,P3→P4,제과음료업,1736504.0,272463.0,86372.7984534272,30473.6291909598,155616.5723556129,0.5711475406,4.9739475667,6.7288314708,15.6903180183,8.9614865474,완도·순창·완주 3개 처치지역 합계(일반 비교시장 아님),1e-10
전북완주,완주군,아원고택,P3→P4,제과음료업,12222314.0,512856.0,607931.4897958782,214487.4211009456,-309562.9108968226,-0.6036059067,4.9739475667,6.7288314708,4.1960630368,-2.532768434,완도·순창·완주 3개 처치지역 합계(일반 비교시장 아님),-1.1e-09
전남완도,완도군,완도 해양치유센터,P3→P4,캠핑장/펜션,157611.0,22633.0,7839.4884993315,675.7057486933,14117.8057519752,0.6237708546,4.9739475667,5.402664946,14.3600383222,8.9573733762,완도·순창·완주 3개 처치지역 합계(일반 비교시장 아님),0.0
전북순창,순창군,쉴랜드,P3→P4,캠핑장/펜션,150043.0,-36826.0,7463.0601474846,643.2604174277,-44932.3205649123,1.2201249271,4.9739475667,5.402664946,-24.5436308258,-29.9462957718,완도·순창·완주 3개 처치지역 합계(일반 비교시장 아님),0.0
전북완주,완주군,아원고택,P3→P4,캠핑장/펜션,104587.0,36465.0,5202.1025415712,448.3826454917,30814.5148129371,0.8450435983,4.9739475667,5.402664946,34.8657098875,29.4630449415,완도·순창·완주 3개 처치지역 합계(일반 비교시장 아님),0.0
