지역키,지역,시설,영역,기간,읍면동수,HHI,Gini,시설소재_읍면동,시설동_점유율_pct,공간자료기준
전남완도,완도군,완도 해양치유센터,소비,P1,12,4117.9618056495,0.6692525859,신지면,4.9049049049,내국인소비 점유율 복원
전남완도,완도군,완도 해양치유센터,소비,P2,12,4363.76,0.6745,신지면,5.0,내국인소비 점유율 복원
전남완도,완도군,완도 해양치유센터,소비,P3,12,4299.965631297,0.6717550884,신지면,6.3063063063,내국인소비 점유율 복원
전남완도,완도군,완도 해양치유센터,소비,P4,12,4580.2805566512,0.6967731204,신지면,6.8862275449,내국인소비 점유율 복원
전남완도,완도군,완도 해양치유센터,방문,P1,12,2030.0967503706,0.4877566054,신지면,9.6718074515,전체방문자 읍면동 분포
전남완도,완도군,완도 해양치유센터,방문,P2,12,1825.9292845802,0.4762733936,신지면,11.8564285697,전체방문자 읍면동 분포
전남완도,완도군,완도 해양치유센터,방문,P3,12,1689.7756640402,0.4660220986,신지면,14.4233912926,전체방문자 읍면동 분포
전남완도,완도군,완도 해양치유센터,방문,P4,12,1712.9689513365,0.4749275313,신지면,14.0778417287,전체방문자 읍면동 분포
전북순창,순창군,쉴랜드,소비,P1,11,6836.68,0.7896363636,인계면,0.9,내국인소비 점유율 복원
전북순창,순창군,쉴랜드,소비,P2,11,6808.72,0.7934545455,인계면,0.7,내국인소비 점유율 복원
전북순창,순창군,쉴랜드,소비,P3,11,6123.32,0.7667272727,인계면,1.0,내국인소비 점유율 복원
전북순창,순창군,쉴랜드,소비,P4,11,6050.32,0.7625454545,인계면,1.3,내국인소비 점유율 복원
전북순창,순창군,쉴랜드,방문,P1,11,2296.7695106261,0.5053146824,인계면,2.9568754351,전체방문자 읍면동 분포
전북순창,순창군,쉴랜드,방문,P2,11,2427.8926736115,0.5062693141,인계면,3.240199897,전체방문자 읍면동 분포
전북순창,순창군,쉴랜드,방문,P3,11,2346.0918776167,0.4970079791,인계면,3.2692472622,전체방문자 읍면동 분포
전북순창,순창군,쉴랜드,방문,P4,11,2497.1936086118,0.504514331,인계면,3.1694762997,전체방문자 읍면동 분포
전북완주,완주군,아원고택,소비,P1,13,1436.9746137978,0.5134865135,소양면,7.3926073926,내국인소비 점유율 복원
전북완주,완주군,아원고택,소비,P2,13,1497.5334355954,0.5300852993,소양면,6.4935064935,내국인소비 점유율 복원
전북완주,완주군,아원고택,소비,P3,13,1474.7780813847,0.5242165242,소양면,6.5065065065,내국인소비 점유율 복원
전북완주,완주군,아원고택,소비,P4,13,1502.16,0.5306153846,소양면,6.8,내국인소비 점유율 복원
전북완주,완주군,아원고택,방문,P1,13,1315.5637546199,0.4398052152,소양면,9.0742381622,전체방문자 읍면동 분포
전북완주,완주군,아원고택,방문,P2,13,1369.1751755023,0.4505292003,소양면,9.2134348012,전체방문자 읍면동 분포
전북완주,완주군,아원고택,방문,P3,13,1350.019887121,0.4468168676,소양면,9.7215327115,전체방문자 읍면동 분포
전북완주,완주군,아원고택,방문,P4,13,1336.1117333929,0.4514511194,소양면,9.4938011808,전체방문자 읍면동 분포
