지역키,지역,시설,최초선정연도,변화구간,중분류,before_천원,after_천원,실제변화_천원,성장률_pct
전남완도,완도군,완도 해양치유센터,2024,P2→P3,골프장,131465.0,107509.0,-23956.0,-18.2223405469
전남완도,완도군,완도 해양치유센터,2024,P2→P3,관광유원시설,41089.0,21259.0,-19830.0,-48.2610917764
전남완도,완도군,완도 해양치유센터,2024,P2→P3,기타관광쇼핑,24490972.0,21957075.0,-2533897.0,-10.346249222
전남완도,완도군,완도 해양치유센터,2024,P2→P3,기타레저,239439.0,223628.0,-15811.0,-6.603352002
전남완도,완도군,완도 해양치유센터,2024,P2→P3,기타숙박,2391858.0,1848717.0,-543141.0,-22.7079115901
전남완도,완도군,완도 해양치유센터,2024,P2→P3,레저용품쇼핑,994350.0,810876.0,-183474.0,-18.4516518329
전남완도,완도군,완도 해양치유센터,2024,P2→P3,렌터카,14994.0,18979.0,3985.0,26.5772975857
전남완도,완도군,완도 해양치유센터,2024,P2→P3,문화서비스,25212.0,20467.0,-4745.0,-18.8204029827
전남완도,완도군,완도 해양치유센터,2024,P2→P3,뷰티,474403.0,421755.0,-52648.0,-11.0977375775
전남완도,완도군,완도 해양치유센터,2024,P2→P3,수상운송,1204818.0,1221265.0,16447.0,1.365102447
전남완도,완도군,완도 해양치유센터,2024,P2→P3,여행업,,,,
전남완도,완도군,완도 해양치유센터,2024,P2→P3,육상운송,4501601.0,3788928.0,-712673.0,-15.8315452658
전남완도,완도군,완도 해양치유센터,2024,P2→P3,일반외식업,15229278.0,13997165.0,-1232113.0,-8.090422934
전남완도,완도군,완도 해양치유센터,2024,P2→P3,제과음료업,1753343.0,1699131.0,-54212.0,-3.0919221168
전남완도,완도군,완도 해양치유센터,2024,P2→P3,캠핑장/펜션,143636.0,157611.0,13975.0,9.7294550113
전남완도,완도군,완도 해양치유센터,2024,P2→P3,콘도,67059.0,72717.0,5658.0,8.4373462175
전남완도,완도군,완도 해양치유센터,2024,P3→P4,골프장,107509.0,67051.0,-40458.0,-37.6321982346
전남완도,완도군,완도 해양치유센터,2024,P3→P4,관광유원시설,21259.0,31753.0,10494.0,49.3626228891
전남완도,완도군,완도 해양치유센터,2024,P3→P4,기타관광쇼핑,21957075.0,23365841.0,1408766.0,6.4160003097
전남완도,완도군,완도 해양치유센터,2024,P3→P4,기타레저,223628.0,299864.0,76236.0,34.0905432236
전남완도,완도군,완도 해양치유센터,2024,P3→P4,기타숙박,1848717.0,2134061.0,285344.0,15.4347041759
전남완도,완도군,완도 해양치유센터,2024,P3→P4,레저용품쇼핑,810876.0,871151.0,60275.0,7.4333190278
전남완도,완도군,완도 해양치유센터,2024,P3→P4,렌터카,18979.0,33665.0,14686.0,77.3802623953
전남완도,완도군,완도 해양치유센터,2024,P3→P4,문화서비스,20467.0,18855.0,-1612.0,-7.8760932232
전남완도,완도군,완도 해양치유센터,2024,P3→P4,뷰티,421755.0,527363.0,105608.0,25.0401299333
전남완도,완도군,완도 해양치유센터,2024,P3→P4,수상운송,1221265.0,295372.0,-925893.0,-75.8142581667
전남완도,완도군,완도 해양치유센터,2024,P3→P4,여행업,,,,
전남완도,완도군,완도 해양치유센터,2024,P3→P4,육상운송,3788928.0,4341248.0,552320.0,14.5772102294
전남완도,완도군,완도 해양치유센터,2024,P3→P4,일반외식업,13997165.0,16075766.0,2078601.0,14.8501571568
전남완도,완도군,완도 해양치유센터,2024,P3→P4,제과음료업,1699131.0,1967409.0,268278.0,15.7891298552
전남완도,완도군,완도 해양치유센터,2024,P3→P4,캠핑장/펜션,157611.0,180244.0,22633.0,14.3600383222
전남완도,완도군,완도 해양치유센터,2024,P3→P4,콘도,72717.0,121485.0,48768.0,67.0654729981
전북무주,무주군,태권도원 상징지구,2022,P2→P3,골프장,6852541.0,7758319.0,905778.0,13.2181332443
전북무주,무주군,태권도원 상징지구,2022,P2→P3,관광유원시설,,,,
전북무주,무주군,태권도원 상징지구,2022,P2→P3,기타관광쇼핑,15309019.0,16501557.0,1192538.0,7.7897741194
전북무주,무주군,태권도원 상징지구,2022,P2→P3,기타레저,492044.0,920048.0,428004.0,86.9849037891
전북무주,무주군,태권도원 상징지구,2022,P2→P3,기타숙박,886788.0,1096570.0,209782.0,23.6563868704
전북무주,무주군,태권도원 상징지구,2022,P2→P3,대형쇼핑몰,2809056.0,3681922.0,872866.0,31.0732858298
전북무주,무주군,태권도원 상징지구,2022,P2→P3,레저용품쇼핑,1647255.0,1843153.0,195898.0,11.8923906742
전북무주,무주군,태권도원 상징지구,2022,P2→P3,문화서비스,252153.0,208038.0,-44115.0,-17.4953302162
전북무주,무주군,태권도원 상징지구,2022,P2→P3,뷰티,89236.0,76398.0,-12838.0,-14.3865704424
전북무주,무주군,태권도원 상징지구,2022,P2→P3,여행업,,,,
전북무주,무주군,태권도원 상징지구,2022,P2→P3,육상운송,13011531.0,12265876.0,-745655.0,-5.7307245396
전북무주,무주군,태권도원 상징지구,2022,P2→P3,일반외식업,15097976.0,18371171.0,3273195.0,21.6796940199
전북무주,무주군,태권도원 상징지구,2022,P2→P3,제과음료업,1754406.0,2040260.0,285854.0,16.2934919283
전북무주,무주군,태권도원 상징지구,2022,P2→P3,캠핑장/펜션,540116.0,758934.0,218818.0,40.5131490272
전북무주,무주군,태권도원 상징지구,2022,P2→P3,콘도,13122320.0,14359088.0,1236768.0,9.4249187644
전북무주,무주군,태권도원 상징지구,2022,P3→P4,골프장,7758319.0,7231225.0,-527094.0,-6.7939201778
전북무주,무주군,태권도원 상징지구,2022,P3→P4,관광유원시설,,,,
전북무주,무주군,태권도원 상징지구,2022,P3→P4,기타관광쇼핑,16501557.0,17277544.0,775987.0,4.7025077694
전북무주,무주군,태권도원 상징지구,2022,P3→P4,기타레저,920048.0,990776.0,70728.0,7.6874250039
전북무주,무주군,태권도원 상징지구,2022,P3→P4,기타숙박,1096570.0,1461653.0,365083.0,33.2931778181
전북무주,무주군,태권도원 상징지구,2022,P3→P4,대형쇼핑몰,3681922.0,3718533.0,36611.0,0.9943448014
전북무주,무주군,태권도원 상징지구,2022,P3→P4,레저용품쇼핑,1843153.0,2095189.0,252036.0,13.6741768046
전북무주,무주군,태권도원 상징지구,2022,P3→P4,문화서비스,208038.0,261250.0,53212.0,25.5780194003
전북무주,무주군,태권도원 상징지구,2022,P3→P4,뷰티,76398.0,147229.0,70831.0,92.7131600304
전북무주,무주군,태권도원 상징지구,2022,P3→P4,여행업,,,,
전북무주,무주군,태권도원 상징지구,2022,P3→P4,육상운송,12265876.0,11840494.0,-425382.0,-3.4680115794
전북무주,무주군,태권도원 상징지구,2022,P3→P4,일반외식업,18371171.0,19436134.0,1064963.0,5.7969249756
전북무주,무주군,태권도원 상징지구,2022,P3→P4,제과음료업,2040260.0,2175926.0,135666.0,6.6494466392
전북무주,무주군,태권도원 상징지구,2022,P3→P4,캠핑장/펜션,758934.0,641276.0,-117658.0,-15.5030608722
전북무주,무주군,태권도원 상징지구,2022,P3→P4,콘도,14359088.0,16274146.0,1915058.0,13.3369055193
전북순창,순창군,쉴랜드,2024,P2→P3,골프장,1592069.0,1084223.0,-507846.0,-31.8984918367
전북순창,순창군,쉴랜드,2024,P2→P3,관광유원시설,756844.0,834751.0,77907.0,10.2936668587
전북순창,순창군,쉴랜드,2024,P2→P3,기타관광쇼핑,8347242.0,8678355.0,331113.0,3.96673536
전북순창,순창군,쉴랜드,2024,P2→P3,기타레저,297675.0,419273.0,121598.0,40.8492483413
전북순창,순창군,쉴랜드,2024,P2→P3,기타숙박,345101.0,342190.0,-2911.0,-0.8435211721
전북순창,순창군,쉴랜드,2024,P2→P3,대형쇼핑몰,4430.0,,,
전북순창,순창군,쉴랜드,2024,P2→P3,레저용품쇼핑,132996.0,116878.0,-16118.0,-12.1191614785
전북순창,순창군,쉴랜드,2024,P2→P3,렌터카,,,,
전북순창,순창군,쉴랜드,2024,P2→P3,문화서비스,82850.0,72767.0,-10083.0,-12.1701870851
전북순창,순창군,쉴랜드,2024,P2→P3,뷰티,400775.0,401962.0,1187.0,0.2961761587
전북순창,순창군,쉴랜드,2024,P2→P3,여행업,,,,
전북순창,순창군,쉴랜드,2024,P2→P3,육상운송,18111853.0,9200356.0,-8911497.0,-49.2025691684
전북순창,순창군,쉴랜드,2024,P2→P3,일반외식업,13025031.0,13417309.0,392278.0,3.011724118
전북순창,순창군,쉴랜드,2024,P2→P3,제과음료업,1674377.0,1736504.0,62127.0,3.7104546945
전북순창,순창군,쉴랜드,2024,P2→P3,캠핑장/펜션,159349.0,150043.0,-9306.0,-5.840011547
전북순창,순창군,쉴랜드,2024,P3→P4,골프장,1084223.0,551156.0,-533067.0,-49.1658081409
전북순창,순창군,쉴랜드,2024,P3→P4,관광유원시설,834751.0,840699.0,5948.0,0.7125478137
전북순창,순창군,쉴랜드,2024,P3→P4,기타관광쇼핑,8678355.0,10526887.0,1848532.0,21.300488399
전북순창,순창군,쉴랜드,2024,P3→P4,기타레저,419273.0,382816.0,-36457.0,-8.6952892268
전북순창,순창군,쉴랜드,2024,P3→P4,기타숙박,342190.0,345086.0,2896.0,0.8463134516
전북순창,순창군,쉴랜드,2024,P3→P4,대형쇼핑몰,,,,
전북순창,순창군,쉴랜드,2024,P3→P4,레저용품쇼핑,116878.0,99792.0,-17086.0,-14.6186621948
전북순창,순창군,쉴랜드,2024,P3→P4,렌터카,,,,
전북순창,순창군,쉴랜드,2024,P3→P4,문화서비스,72767.0,56484.0,-16283.0,-22.3769016175
전북순창,순창군,쉴랜드,2024,P3→P4,뷰티,401962.0,384439.0,-17523.0,-4.3593673034
전북순창,순창군,쉴랜드,2024,P3→P4,여행업,,,,
전북순창,순창군,쉴랜드,2024,P3→P4,육상운송,9200356.0,8734547.0,-465809.0,-5.0629453904
전북순창,순창군,쉴랜드,2024,P3→P4,일반외식업,13417309.0,12792470.0,-624839.0,-4.6569621375
전북순창,순창군,쉴랜드,2024,P3→P4,제과음료업,1736504.0,2008967.0,272463.0,15.6903180183
전북순창,순창군,쉴랜드,2024,P3→P4,캠핑장/펜션,150043.0,113217.0,-36826.0,-24.5436308258
전북완주,완주군,아원고택,2024,P2→P3,골프장,2786703.0,2307653.0,-479050.0,-17.1905653383
전북완주,완주군,아원고택,2024,P2→P3,관광유원시설,2653289.0,2812531.0,159242.0,6.001683194
전북완주,완주군,아원고택,2024,P2→P3,기타관광쇼핑,70312829.0,68931201.0,-1381628.0,-1.9649728501
전북완주,완주군,아원고택,2024,P2→P3,기타레저,2054655.0,1884575.0,-170080.0,-8.2777887285
전북완주,완주군,아원고택,2024,P2→P3,기타숙박,2871631.0,2671239.0,-200392.0,-6.9783339155
전북완주,완주군,아원고택,2024,P2→P3,대형쇼핑몰,3058816.0,2891282.0,-167534.0,-5.477086559
전북완주,완주군,아원고택,2024,P2→P3,레저용품쇼핑,735566.0,614471.0,-121095.0,-16.462832703
전북완주,완주군,아원고택,2024,P2→P3,렌터카,,40623.0,,
전북완주,완주군,아원고택,2024,P2→P3,문화서비스,132118.0,141180.0,9062.0,6.859019967
전북완주,완주군,아원고택,2024,P2→P3,뷰티,3058928.0,2951329.0,-107599.0,-3.5175394779
전북완주,완주군,아원고택,2024,P2→P3,수상운송,,,,
전북완주,완주군,아원고택,2024,P2→P3,여행업,,,,
전북완주,완주군,아원고택,2024,P2→P3,육상운송,118208470.0,122015962.0,3807492.0,3.2209976155
전북완주,완주군,아원고택,2024,P2→P3,일반외식업,66859728.0,67058248.0,198520.0,0.296920143
전북완주,완주군,아원고택,2024,P2→P3,제과음료업,12175788.0,12222314.0,46526.0,0.3821190054
전북완주,완주군,아원고택,2024,P2→P3,캠핑장/펜션,88545.0,104587.0,16042.0,18.1173414648
전북완주,완주군,아원고택,2024,P2→P3,호텔,435885.0,388774.0,-47111.0,-10.8081259965
전북완주,완주군,아원고택,2024,P3→P4,골프장,2307653.0,2030495.0,-277158.0,-12.0103845769
전북완주,완주군,아원고택,2024,P3→P4,관광유원시설,2812531.0,1583536.0,-1228995.0,-43.6971183607
전북완주,완주군,아원고택,2024,P3→P4,기타관광쇼핑,68931201.0,73746918.0,4815717.0,6.9862659146
전북완주,완주군,아원고택,2024,P3→P4,기타레저,1884575.0,1910180.0,25605.0,1.3586617672
전북완주,완주군,아원고택,2024,P3→P4,기타숙박,2671239.0,3082510.0,411271.0,15.3962636814
전북완주,완주군,아원고택,2024,P3→P4,대형쇼핑몰,2891282.0,2838574.0,-52708.0,-1.8229975492
전북완주,완주군,아원고택,2024,P3→P4,레저용품쇼핑,614471.0,551733.0,-62738.0,-10.2100831447
전북완주,완주군,아원고택,2024,P3→P4,렌터카,40623.0,55034.0,14411.0,35.4749772296
전북완주,완주군,아원고택,2024,P3→P4,문화서비스,141180.0,168855.0,27675.0,19.6026349341
전북완주,완주군,아원고택,2024,P3→P4,뷰티,2951329.0,3118853.0,167524.0,5.6762224747
전북완주,완주군,아원고택,2024,P3→P4,수상운송,,,,
전북완주,완주군,아원고택,2024,P3→P4,여행업,,,,
전북완주,완주군,아원고택,2024,P3→P4,육상운송,122015962.0,127128214.0,5112252.0,4.1898223119
전북완주,완주군,아원고택,2024,P3→P4,일반외식업,67058248.0,71675170.0,4616922.0,6.8849427739
전북완주,완주군,아원고택,2024,P3→P4,제과음료업,12222314.0,12735170.0,512856.0,4.1960630368
전북완주,완주군,아원고택,2024,P3→P4,캠핑장/펜션,104587.0,141052.0,36465.0,34.8657098875
전북완주,완주군,아원고택,2024,P3→P4,호텔,388774.0,276293.0,-112481.0,-28.9322331226
