지역키,기준년월,외지인방문자수,전체방문자수,현지인방문자수,외국인방문자수,내국인관광소비_천원,외국인관광소비_천원,순방문자수,숙박자비율_pct,평균숙박일수,숙박검색건수,평균체류시간_분,숙박자중_3박이상_pct,기간,지역,시설,최초선정연도,숙박방문자추정수,전체순방문자중_3박이상_pct
전남완도,202204,426934.0,1347734.0,920801.0,3695.0,4240564.0,6634.0,315866.0,22.2,2.6,2632,2034.0,11.5,P1,완도군,완도 해양치유센터,2024,70122.252,2.553
전남완도,202205,457646.0,1351280.0,893634.0,5417.0,4577043.0,7797.0,336726.0,21.4,2.69,3076,2162.0,14.2,P1,완도군,완도 해양치유센터,2024,72059.364,3.0388
전남완도,202206,444790.0,1276212.0,831422.0,6709.0,4190199.0,10392.0,317896.0,20.4,2.97,3000,3103.0,18.7,P1,완도군,완도 해양치유센터,2024,64850.784,3.8148
전남완도,202207,694796.0,1640198.0,945402.0,7806.0,4911629.0,7768.0,498721.0,20.1,2.95,4442,3722.0,19.1,P1,완도군,완도 해양치유센터,2024,100242.921,3.8391
전남완도,202208,638288.0,1504450.0,866162.0,8622.0,6121801.0,6949.0,471118.0,21.1,2.68,6450,1714.0,14.0,P1,완도군,완도 해양치유센터,2024,99405.898,2.954
전남완도,202209,535602.0,1508420.0,972818.0,8883.0,4799510.0,8208.0,381428.0,22.5,2.8,2485,2373.0,17.0,P1,완도군,완도 해양치유센터,2024,85821.3,3.825
전남완도,202210,552972.0,1555029.0,1002057.0,10998.0,5200743.0,15393.0,436810.0,18.9,2.6,3494,1867.0,11.1,P1,완도군,완도 해양치유센터,2024,82557.09,2.0979
전남완도,202211,456110.0,1452213.0,996104.0,11128.0,4194983.0,9768.0,356394.0,16.4,2.71,2228,1835.0,14.5,P1,완도군,완도 해양치유센터,2024,58448.616,2.378
전남완도,202212,404758.0,1401732.0,996975.0,13334.0,3878202.0,7312.0,301089.0,19.4,2.78,1737,2215.0,16.4,P1,완도군,완도 해양치유센터,2024,58411.266,3.1816
전남완도,202301,517503.0,1465639.0,948136.0,26599.0,4662664.0,3940.0,367270.0,21.2,2.92,1631,2550.0,19.5,P1,완도군,완도 해양치유센터,2024,77861.24,4.134
전남완도,202302,387250.0,1278666.0,891415.0,32764.0,3848156.0,6750.0,297816.0,16.6,2.8,1609,2113.0,16.5,P1,완도군,완도 해양치유센터,2024,49437.456,2.739
전남완도,202303,480008.0,1507359.0,1027352.0,26194.0,4262342.0,9667.0,369319.0,17.0,2.76,1904,2421.0,15.5,P1,완도군,완도 해양치유센터,2024,62784.23,2.635
전남완도,202304,508697.0,1485018.0,976322.0,43267.0,5125134.0,15517.0,385247.0,21.4,2.49,3254,1682.0,9.2,P2,완도군,완도 해양치유센터,2024,82442.858,1.9688
전남완도,202305,567476.0,1615022.0,1047546.0,46662.0,4719718.0,18767.0,423813.0,19.7,2.72,4223,2042.0,13.9,P2,완도군,완도 해양치유센터,2024,83491.161,2.7383
전남완도,202306,454986.0,1429236.0,974250.0,47472.0,3971833.0,15557.0,346765.0,18.4,2.69,2901,1937.0,14.0,P2,완도군,완도 해양치유센터,2024,63804.76,2.576
전남완도,202307,495226.0,1449046.0,953820.0,45972.0,4516553.0,14761.0,360605.0,21.4,2.75,3896,2229.0,15.6,P2,완도군,완도 해양치유센터,2024,77169.47,3.3384
전남완도,202308,599176.0,1553226.0,954051.0,53006.0,5679948.0,8972.0,437920.0,21.1,2.74,5132,1948.0,15.8,P2,완도군,완도 해양치유센터,2024,92401.12,3.3338
전남완도,202309,611664.0,1555526.0,943862.0,51792.0,5450872.0,17276.0,415250.0,27.1,2.75,3257,2302.0,17.5,P2,완도군,완도 해양치유센터,2024,112532.75,4.7425
전남완도,202310,608080.0,1655339.0,1047260.0,58811.0,4587377.0,20245.0,468720.0,17.9,2.66,3370,1892.0,12.5,P2,완도군,완도 해양치유센터,2024,83900.88,2.2375
전남완도,202311,444168.0,1458387.0,1014220.0,61813.0,3452079.0,15645.0,347018.0,16.5,2.7,1746,1891.0,14.7,P2,완도군,완도 해양치유센터,2024,57257.97,2.4255
전남완도,202312,487221.0,1580540.0,1093320.0,70938.0,3740043.0,12444.0,354602.0,20.4,2.83,2506,2491.0,17.3,P2,완도군,완도 해양치유센터,2024,72338.808,3.5292
전남완도,202401,475696.0,1486418.0,1010723.0,65973.0,3223854.0,7542.0,370419.0,14.5,2.96,1706,2373.0,20.9,P2,완도군,완도 해양치유센터,2024,53710.755,3.0305
전남완도,202402,512068.0,1436494.0,924427.0,63944.0,3710388.0,6668.0,353654.0,23.5,2.91,1202,2526.0,19.9,P2,완도군,완도 해양치유센터,2024,83108.69,4.6765
전남완도,202403,489370.0,1521583.0,1032213.0,72427.0,3538268.0,11557.0,379885.0,15.8,2.82,1826,2377.0,16.9,P2,완도군,완도 해양치유센터,2024,60021.83,2.6702
전남완도,202404,533246.0,1540105.0,1006859.0,75501.0,4308431.0,14360.0,416121.0,17.7,2.59,2562,1651.0,11.4,P3,완도군,완도 해양치유센터,2024,73653.417,2.0178
전남완도,202405,564134.0,1645214.0,1081080.0,94147.0,4225142.0,21925.0,427036.0,18.2,2.77,2950,2109.0,15.3,P3,완도군,완도 해양치유센터,2024,77720.552,2.7846
전남완도,202406,472794.0,1503306.0,1030512.0,91713.0,3540719.0,23128.0,365694.0,17.1,2.72,2429,1831.0,14.7,P3,완도군,완도 해양치유센터,2024,62533.674,2.5137
전남완도,202407,526036.0,1587372.0,1061336.0,87521.0,3936322.0,19235.0,395357.0,18.7,2.77,3307,2051.0,16.6,P3,완도군,완도 해양치유센터,2024,73931.759,3.1042
전남완도,202408,658777.0,1687276.0,1028500.0,86044.0,5323563.0,37175.0,488118.0,20.2,2.73,4986,1905.0,15.7,P3,완도군,완도 해양치유센터,2024,98599.836,3.1714
전남완도,202409,608780.0,1642764.0,1033984.0,73306.0,4602862.0,28600.0,439753.0,20.5,2.88,2585,2077.0,20.3,P3,완도군,완도 해양치유센터,2024,90149.365,4.1615
전남완도,202410,508704.0,1603259.0,1094555.0,88872.0,3813423.0,20428.0,398687.0,16.5,2.67,2537,1737.0,13.8,P3,완도군,완도 해양치유센터,2024,65783.355,2.277
전남완도,202411,467040.0,1509400.0,1042360.0,72686.0,3234728.0,32054.0,360843.0,17.1,2.72,1593,2010.0,14.4,P3,완도군,완도 해양치유센터,2024,61704.153,2.4624
전남완도,202412,460579.0,1511181.0,1050602.0,60802.0,2984735.0,8545.0,352685.0,17.1,2.79,1173,2084.0,16.6,P3,완도군,완도 해양치유센터,2024,60309.135,2.8386
전남완도,202501,617323.0,1627524.0,1010202.0,56696.0,4533001.0,8762.0,438303.0,20.1,3.04,2340,2390.0,24.9,P3,완도군,완도 해양치유센터,2024,88098.903,5.0049
전남완도,202502,372194.0,1296806.0,924612.0,52914.0,2648326.0,8907.0,290436.0,14.7,2.92,1161,2268.0,19.1,P3,완도군,완도 해양치유센터,2024,42694.092,2.8077
전남완도,202503,521070.0,1560044.0,1038975.0,75710.0,3255359.0,12132.0,398839.0,16.5,2.86,1770,2654.0,17.8,P3,완도군,완도 해양치유센터,2024,65808.435,2.937
전남완도,202504,538181.0,1570426.0,1032244.0,91387.0,4209158.0,17338.0,418074.0,17.8,2.61,2540,1720.0,12.1,P4,완도군,완도 해양치유센터,2024,74417.172,2.1538
전남완도,202505,689906.0,1770738.0,1080832.0,97971.0,5236036.0,22973.0,510662.0,19.5,2.8,3770,2358.0,16.1,P4,완도군,완도 해양치유센터,2024,99579.09,3.1395
전남완도,202506,521070.0,1579389.0,1058320.0,92747.0,3535059.0,25713.0,405197.0,16.9,2.69,2247,1773.0,13.5,P4,완도군,완도 해양치유센터,2024,68478.293,2.2815
전남완도,202507,590062.0,1687497.0,1097436.0,115458.0,4236892.0,18794.0,445722.0,18.0,2.8,3442,2184.0,16.5,P4,완도군,완도 해양치유센터,2024,80229.96,2.97
전남완도,202508,720562.0,1775326.0,1054764.0,99335.0,5335153.0,17186.0,543026.0,19.1,2.71,4849,1722.0,14.6,P4,완도군,완도 해양치유센터,2024,103717.966,2.7886
전남완도,202509,482762.0,1585857.0,1103095.0,90939.0,3451317.0,25486.0,381245.0,15.1,2.76,1350,2039.0,15.5,P4,완도군,완도 해양치유센터,2024,57567.995,2.3405
전남완도,202510,860464.0,1944453.0,1083988.0,85077.0,6171505.0,42794.0,605992.0,21.8,2.93,6200,2010.0,21.4,P4,완도군,완도 해양치유센터,2024,132106.256,4.6652
전남완도,202511,521258.0,1621624.0,1100365.0,78864.0,3592533.0,15584.0,417389.0,14.8,2.68,1916,1760.0,13.7,P4,완도군,완도 해양치유센터,2024,61773.572,2.0276
전남완도,202512,538086.0,1652770.0,1114684.0,79416.0,3460076.0,25500.0,408035.0,17.6,2.81,1570,2240.0,17.0,P4,완도군,완도 해양치유센터,2024,71814.16,2.992
전남완도,202601,491113.0,1553027.0,1061914.0,74316.0,3458709.0,6490.0,378553.0,15.3,2.94,2908,2402.0,20.4,P4,완도군,완도 해양치유센터,2024,57918.609,3.1212
전남완도,202602,563374.0,1524747.0,961373.0,65503.0,4339674.0,12301.0,406283.0,19.9,2.94,1713,2100.0,21.5,P4,완도군,완도 해양치유센터,2024,80850.317,4.2785
전남완도,202603,504154.0,1625015.0,1120861.0,81659.0,3329429.0,27734.0,395294.0,14.4,2.92,1179,2640.0,18.6,P4,완도군,완도 해양치유센터,2024,56922.336,2.6784
전북무주,202004,383635.0,721812.0,338177.0,144.0,2806585.0,587.0,327785.0,11.5,2.47,3629,962.0,9.1,P1,무주군,태권도원 상징지구,2022,37695.275,1.0465
전북무주,202005,546136.0,914630.0,368494.0,69.0,4010604.0,2074.0,459295.0,13.3,2.42,6256,940.0,7.1,P1,무주군,태권도원 상징지구,2022,61086.235,0.9443
전북무주,202006,472840.0,841806.0,368966.0,87.0,3725103.0,14180.0,397242.0,13.8,2.37,7106,902.0,6.7,P1,무주군,태권도원 상징지구,2022,54819.396,0.9246
전북무주,202007,552954.0,941364.0,388409.0,86.0,4263502.0,7432.0,438491.0,18.9,2.38,10652,1129.0,6.3,P1,무주군,태권도원 상징지구,2022,82874.799,1.1907
전북무주,202008,834071.0,1189968.0,355898.0,105.0,6644140.0,3372.0,628321.0,22.9,2.43,21881,1132.0,6.2,P1,무주군,태권도원 상징지구,2022,143885.509,1.4198
전북무주,202009,460064.0,825080.0,365015.0,90.0,3572947.0,7590.0,379726.0,15.2,2.4,6702,1065.0,6.7,P1,무주군,태권도원 상징지구,2022,57718.352,1.0184
전북무주,202010,606924.0,972612.0,365687.0,67.0,4506983.0,4456.0,522678.0,14.9,2.38,9979,851.0,6.1,P1,무주군,태권도원 상징지구,2022,77879.022,0.9089
전북무주,202011,412152.0,770569.0,358418.0,62.0,3693486.0,3821.0,432821.0,13.1,2.41,6138,873.0,7.1,P1,무주군,태권도원 상징지구,2022,56699.551,0.9301
전북무주,202012,414592.0,771141.0,356548.0,61.0,3739358.0,8888.0,337293.0,15.0,2.55,8837,1444.0,10.0,P1,무주군,태권도원 상징지구,2022,50593.95,1.5
전북무주,202101,459616.0,791116.0,331499.0,75.0,5087428.0,7166.0,380370.0,14.8,2.45,13439,1069.0,7.3,P1,무주군,태권도원 상징지구,2022,56294.76,1.0804
전북무주,202102,487368.0,808367.0,320999.0,97.0,4745913.0,7212.0,393502.0,16.2,2.49,11400,1024.0,9.3,P1,무주군,태권도원 상징지구,2022,63747.324,1.5066
전북무주,202103,369278.0,747296.0,378018.0,64.0,2958253.0,2176.0,318926.0,9.6,2.64,2997,1273.0,12.9,P1,무주군,태권도원 상징지구,2022,30616.896,1.2384
전북무주,202104,433986.0,805000.0,371014.0,51.0,3635649.0,1439.0,369972.0,12.0,2.44,4395,891.0,7.8,P2,무주군,태권도원 상징지구,2022,44396.64,0.936
전북무주,202105,528336.0,918498.0,390162.0,78.0,4180312.0,2485.0,442990.0,13.9,2.39,5924,935.0,6.8,P2,무주군,태권도원 상징지구,2022,61575.61,0.9452
전북무주,202106,490364.0,881993.0,391629.0,90.0,4375127.0,3846.0,410468.0,14.2,2.37,6940,881.0,6.1,P2,무주군,태권도원 상징지구,2022,58286.456,0.8662
전북무주,202107,643814.0,1049800.0,405986.0,109.0,5699013.0,3848.0,490546.0,22.1,2.41,13745,1165.0,6.4,P2,무주군,태권도원 상징지구,2022,108410.666,1.4144
전북무주,202108,780171.0,1175668.0,395496.0,114.0,6740806.0,4195.0,595918.0,21.5,2.44,18282,1051.0,6.5,P2,무주군,태권도원 상징지구,2022,128122.37,1.3975
전북무주,202109,625401.0,1029441.0,404040.0,101.0,5002984.0,4033.0,512037.0,14.9,2.48,7578,894.0,9.3,P2,무주군,태권도원 상징지구,2022,76293.513,1.3857
전북무주,202110,631407.0,1040042.0,408636.0,110.0,5553895.0,7952.0,522176.0,15.5,2.35,11700,836.0,5.3,P2,무주군,태권도원 상징지구,2022,80937.28,0.8215
전북무주,202111,551789.0,941888.0,390100.0,65.0,4671682.0,3258.0,455307.0,15.5,2.37,9173,825.0,6.5,P2,무주군,태권도원 상징지구,2022,70572.585,1.0075
전북무주,202112,617204.0,1007548.0,390344.0,69.0,7241892.0,8738.0,476877.0,21.3,2.4,19105,1337.0,6.2,P2,무주군,태권도원 상징지구,2022,101574.801,1.3206
전북무주,202201,887208.0,1253126.0,365918.0,178.0,13340301.0,15480.0,677355.0,23.5,2.33,28252,1118.0,4.9,P2,무주군,태권도원 상징지구,2022,159178.425,1.1515
전북무주,202202,639506.0,968184.0,328678.0,187.0,8444218.0,11506.0,512495.0,19.5,2.28,21166,905.0,4.0,P2,무주군,태권도원 상징지구,2022,99936.525,0.78
전북무주,202203,354732.0,735752.0,381020.0,68.0,3002474.0,1597.0,305994.0,9.8,2.62,3486,1268.0,12.5,P2,무주군,태권도원 상징지구,2022,29987.412,1.225
전북무주,202204,452697.0,820676.0,367980.0,140.0,3970433.0,3727.0,381625.0,13.3,2.4,5575,893.0,6.6,P3,무주군,태권도원 상징지구,2022,50756.125,0.8778
전북무주,202205,566412.0,935501.0,369089.0,233.0,5330297.0,4505.0,473565.0,14.4,2.36,9251,815.0,6.2,P3,무주군,태권도원 상징지구,2022,68193.36,0.8928
전북무주,202206,555720.0,912754.0,357035.0,1117.0,5405806.0,6925.0,451341.0,16.3,2.42,12737,1147.0,7.3,P3,무주군,태권도원 상징지구,2022,73568.583,1.1899
전북무주,202207,835667.0,1241160.0,405492.0,1378.0,6652711.0,21976.0,637614.0,22.1,2.41,18890,1363.0,6.3,P3,무주군,태권도원 상징지구,2022,140912.694,1.3923
전북무주,202208,914644.0,1311240.0,396596.0,1108.0,8073041.0,4388.0,704546.0,21.3,2.4,23170,944.0,5.5,P3,무주군,태권도원 상징지구,2022,150068.298,1.1715
전북무주,202209,685916.0,1099508.0,413592.0,1003.0,5285311.0,10294.0,563882.0,15.6,2.39,9732,779.0,6.6,P3,무주군,태권도원 상징지구,2022,87965.592,1.0296
전북무주,202210,759384.0,1181376.0,421992.0,1123.0,6612902.0,12370.0,630686.0,15.3,2.33,14833,795.0,4.4,P3,무주군,태권도원 상징지구,2022,96494.958,0.6732
전북무주,202211,569726.0,976602.0,406875.0,674.0,4626569.0,9396.0,479229.0,14.2,2.33,7943,769.0,5.6,P3,무주군,태권도원 상징지구,2022,68050.518,0.7952
전북무주,202212,667051.0,1060322.0,393270.0,1245.0,8409041.0,20129.0,509966.0,22.7,2.36,23561,1314.0,5.1,P3,무주군,태권도원 상징지구,2022,115762.282,1.1577
전북무주,202301,1013250.0,1386091.0,372841.0,1736.0,13576287.0,14192.0,772571.0,23.0,2.35,36203,1095.0,5.3,P3,무주군,태권도원 상징지구,2022,177691.33,1.219
전북무주,202302,680862.0,1043928.0,363066.0,1476.0,8503534.0,7635.0,527818.0,22.3,2.3,23372,1004.0,3.8,P3,무주군,태권도원 상징지구,2022,117703.414,0.8474
전북무주,202303,491040.0,905765.0,414726.0,1379.0,3457336.0,3675.0,413189.0,12.7,2.48,4888,1141.0,8.1,P3,무주군,태권도원 상징지구,2022,52475.003,1.0287
전북무주,202304,576446.0,973728.0,397282.0,3861.0,4270247.0,5887.0,487786.0,13.5,2.35,7182,829.0,6.0,P4,무주군,태권도원 상징지구,2022,65851.11,0.81
전북무주,202305,644350.0,1074759.0,430409.0,5655.0,5011621.0,25469.0,536803.0,14.6,2.38,9641,787.0,6.1,P4,무주군,태권도원 상징지구,2022,78373.238,0.8906
전북무주,202306,671962.0,1069268.0,397306.0,5519.0,5352603.0,29973.0,524639.0,18.1,2.55,12678,1050.0,13.3,P4,무주군,태권도원 상징지구,2022,94959.659,2.4073
전북무주,202307,673701.0,1067311.0,393610.0,5828.0,5873723.0,33642.0,517625.0,21.5,2.4,15090,1116.0,6.3,P4,무주군,태권도원 상징지구,2022,111289.375,1.3545
전북무주,202308,877653.0,1271697.0,394044.0,8398.0,7982513.0,30847.0,676871.0,21.3,2.39,20103,998.0,5.6,P4,무주군,태권도원 상징지구,2022,144173.523,1.1928
전북무주,202309,785127.0,1172976.0,387849.0,2911.0,6357796.0,10926.0,632331.0,17.5,2.38,12748,833.0,6.8,P4,무주군,태권도원 상징지구,2022,110657.925,1.19
전북무주,202310,734458.0,1186238.0,451780.0,3625.0,6195164.0,10758.0,620098.0,13.9,2.32,10593,778.0,4.9,P4,무주군,태권도원 상징지구,2022,86193.622,0.6811
전북무주,202311,567798.0,998319.0,430521.0,1656.0,4445288.0,21400.0,472510.0,14.9,2.35,8451,852.0,6.5,P4,무주군,태권도원 상징지구,2022,70403.99,0.9685
전북무주,202312,743953.0,1191281.0,447328.0,2935.0,9700692.0,62090.0,555163.0,23.5,2.45,24783,1451.0,6.7,P4,무주군,태권도원 상징지구,2022,130463.305,1.5745
전북무주,202401,938676.0,1359302.0,420626.0,2729.0,13998089.0,20040.0,727587.0,22.5,2.29,31323,987.0,3.4,P4,무주군,태권도원 상징지구,2022,163707.075,0.765
전북무주,202402,790562.0,1182486.0,391923.0,2757.0,10182773.0,16559.0,605916.0,22.5,2.36,20670,955.0,5.5,P4,무주군,태권도원 상징지구,2022,136331.1,1.2375
전북무주,202403,520712.0,953757.0,433044.0,1857.0,4190166.0,8487.0,440668.0,12.4,2.47,6162,1028.0,7.4,P4,무주군,태권도원 상징지구,2022,54642.832,0.9176
전북순창,202204,394177.0,731364.0,337186.0,137.0,3911644.0,4522.0,343679.0,9.4,2.56,1153,955.0,10.2,P1,순창군,쉴랜드,2024,32305.826,0.9588
전북순창,202205,406928.0,744104.0,337176.0,152.0,4336250.0,3275.0,354441.0,9.5,2.55,1412,875.0,11.2,P1,순창군,쉴랜드,2024,33671.895,1.064
전북순창,202206,360437.0,666190.0,305753.0,242.0,3886818.0,2767.0,306680.0,9.6,2.83,1304,1342.0,16.0,P1,순창군,쉴랜드,2024,29441.28,1.536
전북순창,202207,482370.0,840805.0,358435.0,248.0,3902131.0,5435.0,401096.0,11.2,2.81,1477,2025.0,15.7,P1,순창군,쉴랜드,2024,44922.752,1.7584
전북순창,202208,452305.0,771568.0,319263.0,399.0,4357809.0,2886.0,385669.0,10.4,2.66,2106,962.0,12.9,P1,순창군,쉴랜드,2024,40109.576,1.3416
전북순창,202209,468461.0,825632.0,357172.0,419.0,3945741.0,4947.0,391818.0,12.4,2.58,1257,952.0,11.6,P1,순창군,쉴랜드,2024,48585.432,1.4384
전북순창,202210,607278.0,977900.0,370622.0,738.0,5147370.0,5277.0,544633.0,7.6,2.52,2186,742.0,9.3,P1,순창군,쉴랜드,2024,41392.108,0.7068
전북순창,202211,623686.0,989096.0,365410.0,628.0,4740883.0,6063.0,566300.0,6.8,2.49,1455,574.0,9.0,P1,순창군,쉴랜드,2024,38508.4,0.612
전북순창,202212,276840.0,619482.0,342643.0,553.0,2927466.0,1905.0,238725.0,10.5,2.53,599,1004.0,9.8,P1,순창군,쉴랜드,2024,25066.125,1.029
전북순창,202301,370258.0,695009.0,324751.0,608.0,3284046.0,2927.0,295082.0,15.2,2.67,788,1351.0,13.5,P1,순창군,쉴랜드,2024,44852.464,2.052
전북순창,202302,322469.0,638414.0,315945.0,391.0,2910692.0,1528.0,281336.0,8.0,2.83,1423,1096.0,16.5,P1,순창군,쉴랜드,2024,22506.88,1.32
전북순창,202303,419972.0,792540.0,372568.0,641.0,3403701.0,3782.0,370252.0,7.9,2.7,914,1096.0,13.9,P1,순창군,쉴랜드,2024,29249.908,1.0981
전북순창,202304,437724.0,802186.0,364462.0,1685.0,3725686.0,11897.0,380312.0,9.9,2.53,1179,890.0,9.9,P2,순창군,쉴랜드,2024,37650.888,0.9801
전북순창,202305,430717.0,828272.0,397554.0,1994.0,3674076.0,5705.0,365144.0,11.3,2.59,1463,1001.0,11.6,P2,순창군,쉴랜드,2024,41261.272,1.3108
전북순창,202306,429037.0,817124.0,388087.0,1464.0,3590128.0,3863.0,369605.0,9.9,2.62,1372,1043.0,12.4,P2,순창군,쉴랜드,2024,36590.895,1.2276
전북순창,202307,392028.0,760165.0,368137.0,2478.0,3516793.0,3526.0,335704.0,10.5,2.59,818,1009.0,11.9,P2,순창군,쉴랜드,2024,35248.92,1.2495
전북순창,202308,480960.0,844340.0,363380.0,3230.0,4356808.0,4074.0,412745.0,9.5,2.74,2106,1005.0,15.8,P2,순창군,쉴랜드,2024,39210.775,1.501
전북순창,202309,461724.0,794734.0,333011.0,1895.0,4461822.0,7604.0,377604.0,14.1,2.58,1542,993.0,11.9,P2,순창군,쉴랜드,2024,53242.164,1.6779
전북순창,202310,518200.0,891646.0,373446.0,2107.0,4527993.0,9966.0,467019.0,7.2,2.52,1498,706.0,10.1,P2,순창군,쉴랜드,2024,33625.368,0.7272
전북순창,202311,522298.0,886683.0,364385.0,2049.0,4116992.0,9667.0,467744.0,7.7,2.51,1503,673.0,9.6,P2,순창군,쉴랜드,2024,36016.288,0.7392
전북순창,202312,282034.0,622230.0,340196.0,1233.0,3103791.0,3013.0,238938.0,11.4,2.58,626,1077.0,10.6,P2,순창군,쉴랜드,2024,27238.932,1.2084
전북순창,202401,272360.0,577234.0,304874.0,1246.0,3087344.0,2407.0,238028.0,8.3,2.74,706,1094.0,15.5,P2,순창군,쉴랜드,2024,19756.324,1.2865
전북순창,202402,371413.0,651262.0,279850.0,1200.0,3542008.0,2602.0,295365.0,15.3,2.68,1601,1394.0,14.1,P2,순창군,쉴랜드,2024,45190.845,2.1573
전북순창,202403,380432.0,697998.0,317566.0,1362.0,3227155.0,2980.0,337449.0,7.5,2.71,912,1042.0,13.2,P2,순창군,쉴랜드,2024,25308.675,0.99
전북순창,202404,408706.0,742770.0,334064.0,1927.0,3366390.0,9880.0,360939.0,8.2,2.61,1048,855.0,12.4,P3,순창군,쉴랜드,2024,29596.998,1.0168
전북순창,202405,426517.0,775775.0,349258.0,1802.0,3553154.0,9978.0,374957.0,8.9,2.55,1611,763.0,11.1,P3,순창군,쉴랜드,2024,33371.173,0.9879
전북순창,202406,386869.0,722120.0,335251.0,1723.0,3234773.0,3844.0,341725.0,8.3,2.59,1688,836.0,12.5,P3,순창군,쉴랜드,2024,28363.175,1.0375
전북순창,202407,349990.0,690004.0,340014.0,1665.0,2858878.0,4294.0,307098.0,8.6,2.63,1062,874.0,13.1,P3,순창군,쉴랜드,2024,26410.428,1.1266
전북순창,202408,442736.0,777889.0,335153.0,2627.0,3440276.0,4463.0,381319.0,9.5,2.69,2381,946.0,14.1,P3,순창군,쉴랜드,2024,36225.305,1.3395
전북순창,202409,473403.0,804794.0,331390.0,1832.0,3271625.0,5664.0,402515.0,10.5,2.67,1345,871.0,14.8,P3,순창군,쉴랜드,2024,42264.075,1.554
전북순창,202410,481772.0,833830.0,352058.0,2592.0,3275912.0,10911.0,434566.0,7.1,2.54,1541,681.0,10.4,P3,순창군,쉴랜드,2024,30854.186,0.7384
전북순창,202411,580167.0,929054.0,348887.0,2322.0,3838265.0,8987.0,523349.0,7.4,2.47,1727,608.0,8.9,P3,순창군,쉴랜드,2024,38727.826,0.6586
전북순창,202412,283283.0,602553.0,319270.0,1105.0,2396645.0,3227.0,248889.0,8.7,2.58,443,933.0,11.3,P3,순창군,쉴랜드,2024,21653.343,0.9831
전북순창,202501,339266.0,630917.0,291652.0,869.0,2554497.0,3268.0,270548.0,14.1,2.8,586,1341.0,18.1,P3,순창군,쉴랜드,2024,38147.268,2.5521
전북순창,202502,242011.0,513828.0,271817.0,933.0,1937173.0,2722.0,210310.0,8.3,2.81,1523,1104.0,18.5,P3,순창군,쉴랜드,2024,17455.73,1.5355
전북순창,202503,369974.0,679287.0,309312.0,2494.0,2733017.0,3678.0,322275.0,8.9,2.66,1131,1166.0,12.3,P3,순창군,쉴랜드,2024,28682.475,1.0947
전북순창,202504,393796.0,740358.0,346563.0,5058.0,2754520.0,9653.0,348636.0,8.0,2.61,914,776.0,12.6,P4,순창군,쉴랜드,2024,27890.88,1.008
전북순창,202505,460600.0,816571.0,355971.0,5045.0,3277428.0,6935.0,394954.0,10.2,2.63,1656,979.0,12.7,P4,순창군,쉴랜드,2024,40285.308,1.2954
전북순창,202506,402563.0,742242.0,339678.0,4642.0,3027514.0,7687.0,356180.0,7.7,2.69,1260,848.0,13.7,P4,순창군,쉴랜드,2024,27425.86,1.0549
전북순창,202507,403442.0,753714.0,350273.0,3289.0,3004318.0,7798.0,351261.0,9.0,2.66,1225,942.0,14.0,P4,순창군,쉴랜드,2024,31613.49,1.26
전북순창,202508,467828.0,813036.0,345208.0,1819.0,3621632.0,6016.0,405337.0,9.4,2.64,1899,886.0,12.2,P4,순창군,쉴랜드,2024,38101.678,1.1468
전북순창,202509,361582.0,714872.0,353290.0,2076.0,2569877.0,8390.0,324495.0,7.1,2.62,732,863.0,12.5,P4,순창군,쉴랜드,2024,23039.145,0.8875
전북순창,202510,608920.0,954412.0,345492.0,2634.0,4114571.0,9254.0,506464.0,11.6,2.75,2366,980.0,16.0,P4,순창군,쉴랜드,2024,58749.824,1.856
전북순창,202511,640958.0,999761.0,358802.0,3139.0,4284442.0,9454.0,586842.0,6.1,2.5,2076,591.0,10.0,P4,순창군,쉴랜드,2024,35797.362,0.61
전북순창,202512,295670.0,638032.0,342363.0,1439.0,2503576.0,5284.0,258496.0,8.8,2.63,722,951.0,12.8,P4,순창군,쉴랜드,2024,22747.648,1.1264
전북순창,202601,278523.0,600134.0,321612.0,1056.0,2206453.0,2214.0,240223.0,9.0,2.78,393,1273.0,15.8,P4,순창군,쉴랜드,2024,21620.07,1.422
전북순창,202602,363422.0,643122.0,279699.0,929.0,2772275.0,4895.0,294764.0,13.4,2.74,1676,1101.0,17.0,P4,순창군,쉴랜드,2024,39498.376,2.278
전북순창,202603,352936.0,684614.0,331678.0,1972.0,2725470.0,3982.0,313388.0,7.1,2.77,829,1127.0,15.6,P4,순창군,쉴랜드,2024,22250.548,1.1076
전북완주,202204,1704378.0,2762893.0,1058516.0,1478.0,24522118.0,39828.0,1547059.0,6.3,2.63,6684,746.0,12.7,P1,완주군,아원고택,2024,97464.717,0.8001
전북완주,202205,1697538.0,2804242.0,1106704.0,2223.0,27462339.0,38042.0,1528631.0,7.1,2.56,8987,754.0,11.1,P1,완주군,아원고택,2024,108532.801,0.7881
전북완주,202206,1596546.0,2638548.0,1042002.0,2960.0,25663506.0,30398.0,1404443.0,7.9,2.74,10901,1064.0,15.4,P1,완주군,아원고택,2024,110950.997,1.2166
전북완주,202207,2256205.0,3417494.0,1161290.0,3554.0,29269643.0,40878.0,1956852.0,9.0,2.7,20210,1438.0,13.8,P1,완주군,아원고택,2024,176116.68,1.242
전북완주,202208,2012374.0,3082516.0,1070142.0,4017.0,27081958.0,32107.0,1773525.0,8.7,2.54,21178,839.0,10.6,P1,완주군,아원고택,2024,154296.675,0.9222
전북완주,202209,1939508.0,3133634.0,1194126.0,4201.0,25984206.0,33311.0,1708066.0,8.0,2.69,7051,1051.0,14.8,P1,완주군,아원고택,2024,136645.28,1.184
전북완주,202210,1944526.0,3156601.0,1212074.0,5884.0,28053504.0,57183.0,1749103.0,7.2,2.56,11090,795.0,10.9,P1,완주군,아원고택,2024,125935.416,0.7848
전북완주,202211,1732241.0,3020346.0,1288105.0,5475.0,26722048.0,39876.0,1560385.0,7.0,2.58,7791,741.0,12.0,P1,완주군,아원고택,2024,109226.95,0.84
전북완주,202212,1393514.0,2611133.0,1217618.0,5670.0,23574297.0,29663.0,1230515.0,8.2,2.62,5954,926.0,12.9,P1,완주군,아원고택,2024,100902.23,1.0578
전북완주,202301,1626555.0,2757209.0,1130654.0,5181.0,23337255.0,28515.0,1410979.0,9.0,2.7,5382,1061.0,14.6,P1,완주군,아원고택,2024,126988.11,1.314
전북완주,202302,1466728.0,2557142.0,1090414.0,6366.0,20880104.0,31109.0,1312958.0,6.8,2.72,5219,923.0,15.0,P1,완주군,아원고택,2024,89281.144,1.02
전북완주,202303,1932144.0,3165456.0,1233312.0,7775.0,24107157.0,57560.0,1712165.0,6.6,2.95,5951,1394.0,20.3,P1,완주군,아원고택,2024,113002.89,1.3398
전북완주,202304,1823773.0,3044724.0,1220950.0,17173.0,23551156.0,56680.0,1650021.0,6.8,2.54,7716,690.0,10.3,P2,완주군,아원고택,2024,112201.428,0.7004
전북완주,202305,1933127.0,3320580.0,1387452.0,16691.0,24842261.0,55293.0,1727702.0,7.4,2.61,8361,804.0,12.1,P2,완주군,아원고택,2024,127849.948,0.8954
전북완주,202306,1877393.0,3080063.0,1202670.0,12061.0,23183265.0,48566.0,1681022.0,7.3,2.61,10589,791.0,12.4,P2,완주군,아원고택,2024,122714.606,0.9052
전북완주,202307,1963812.0,3119865.0,1156054.0,15970.0,23829253.0,45788.0,1723364.0,8.8,2.58,17051,942.0,11.6,P2,완주군,아원고택,2024,151656.032,1.0208
전북완주,202308,2178074.0,3290637.0,1112562.0,21375.0,26108456.0,35807.0,1923911.0,8.6,2.54,25123,822.0,10.8,P2,완주군,아원고택,2024,165456.346,0.9288
전북완주,202309,2050559.0,3173758.0,1123199.0,20100.0,26319686.0,52264.0,1781052.0,9.2,2.64,8462,1006.0,13.9,P2,완주군,아원고택,2024,163856.784,1.2788
전북완주,202310,2101186.0,3375806.0,1274620.0,26759.0,25200198.0,77929.0,1887158.0,7.0,2.62,9343,797.0,12.3,P2,완주군,아원고택,2024,132101.06,0.861
전북완주,202311,1816902.0,3106422.0,1289519.0,18203.0,23054504.0,82480.0,1629621.0,7.1,2.63,7827,805.0,12.6,P2,완주군,아원고택,2024,115703.091,0.8946
전북완주,202312,1600280.0,2810042.0,1209761.0,14264.0,22404453.0,63725.0,1411630.0,8.2,2.62,6058,920.0,12.6,P2,완주군,아원고택,2024,115753.66,1.0332
전북완주,202401,1613616.0,2807704.0,1194088.0,13430.0,20957013.0,43471.0,1440344.0,6.8,2.77,4966,985.0,16.5,P2,완주군,아원고택,2024,97943.392,1.122
전북완주,202402,1710527.0,2776655.0,1066128.0,12312.0,21775637.0,28800.0,1479709.0,9.3,2.68,4837,986.0,14.4,P2,완주군,아원고택,2024,137612.937,1.3392
전북완주,202403,1980800.0,3201618.0,1220818.0,16866.0,24310038.0,57139.0,1758554.0,6.7,2.89,5936,1269.0,18.3,P2,완주군,아원고택,2024,117823.118,1.2261
전북완주,202404,1895254.0,3101452.0,1206198.0,19824.0,24017095.0,69783.0,1731575.0,5.9,2.59,6682,640.0,11.5,P3,완주군,아원고택,2024,102162.925,0.6785
전북완주,202405,1997821.0,3381626.0,1383806.0,16850.0,26041309.0,54744.0,1795368.0,7.1,2.59,9051,743.0,11.7,P3,완주군,아원고택,2024,127471.128,0.8307
전북완주,202406,1925956.0,3290018.0,1364062.0,12813.0,24199935.0,65491.0,1737251.0,7.1,2.54,11336,695.0,10.7,P3,완주군,아원고택,2024,123344.821,0.7597
전북완주,202407,1967438.0,3274663.0,1307226.0,13400.0,24274162.0,47448.0,1748280.0,7.8,2.6,15943,821.0,12.4,P3,완주군,아원고택,2024,136365.84,0.9672
전북완주,202408,2274164.0,3539599.0,1265436.0,16021.0,26606925.0,47248.0,2021886.0,8.2,2.53,26471,774.0,10.2,P3,완주군,아원고택,2024,165794.652,0.8364
전북완주,202409,2095898.0,3391906.0,1296008.0,18324.0,24575427.0,83588.0,1843970.0,7.7,2.76,7371,990.0,16.2,P3,완주군,아원고택,2024,141985.69,1.2474
전북완주,202410,1994636.0,3356500.0,1361864.0,26811.0,24210986.0,136560.0,1815309.0,6.0,2.63,7842,724.0,13.1,P3,완주군,아원고택,2024,108918.54,0.786
전북완주,202411,1965712.0,3355373.0,1389661.0,20961.0,24066852.0,94988.0,1770158.0,7.0,2.58,7868,736.0,11.5,P3,완주군,아원고택,2024,123911.06,0.805
전북완주,202412,1623783.0,2964784.0,1341000.0,13410.0,23352609.0,64193.0,1466831.0,6.6,2.61,5059,746.0,12.6,P3,완주군,아원고택,2024,96810.846,0.8316
전북완주,202501,1739066.0,2961112.0,1222046.0,11375.0,22323130.0,50822.0,1518646.0,8.4,2.73,5097,908.0,16.3,P3,완주군,아원고택,2024,127566.264,1.3692
전북완주,202502,1471376.0,2641842.0,1170466.0,10010.0,19746078.0,38029.0,1326133.0,6.3,2.74,4349,854.0,15.7,P3,완주군,아원고택,2024,83546.379,0.9891
전북완주,202503,2055802.0,3345024.0,1289222.0,16954.0,23654162.0,131992.0,1823035.0,6.8,2.88,5458,1293.0,18.7,P3,완주군,아원고택,2024,123966.38,1.2716
전북완주,202504,1905841.0,3262644.0,1356803.0,21584.0,23606118.0,92182.0,1744288.0,5.8,2.59,5701,612.0,11.8,P4,완주군,아원고택,2024,101168.704,0.6844
전북완주,202505,2209792.0,3673870.0,1464078.0,22821.0,26172565.0,91396.0,1963806.0,7.5,2.68,9101,880.0,13.7,P4,완주군,아원고택,2024,147285.45,1.0275
전북완주,202506,1986828.0,3422657.0,1435830.0,20212.0,23706397.0,75347.0,1800379.0,6.4,2.62,8873,713.0,12.7,P4,완주군,아원고택,2024,115224.256,0.8128
전북완주,202507,2170284.0,3615444.0,1445160.0,22226.0,25797020.0,64740.0,1931006.0,7.6,2.63,17665,860.0,13.0,P4,완주군,아원고택,2024,146756.456,0.988
전북완주,202508,2379713.0,3831870.0,1452157.0,19143.0,26558344.0,80758.0,2118157.0,8.1,2.53,22126,765.0,10.4,P4,완주군,아원고택,2024,171570.717,0.8424
전북완주,202509,1963143.0,3451595.0,1488452.0,26679.0,24263762.0,155583.0,1769888.0,6.0,2.81,6810,972.0,17.3,P4,완주군,아원고택,2024,106193.28,1.038
전북완주,202510,2300284.0,3710458.0,1410174.0,33570.0,27017244.0,193393.0,2011402.0,8.4,2.71,14872,803.0,15.2,P4,완주군,아원고택,2024,168957.768,1.2768
전북완주,202511,2112506.0,3631530.0,1519024.0,30151.0,26840848.0,186283.0,1917509.0,6.1,2.66,9738,755.0,13.4,P4,완주군,아원고택,2024,116968.049,0.8174
전북완주,202512,1722252.0,3176142.0,1453890.0,22522.0,24875058.0,150949.0,1547150.0,6.7,2.68,6473,845.0,14.5,P4,완주군,아원고택,2024,103659.05,0.9715
전북완주,202601,1639960.0,2987954.0,1347994.0,17369.0,23464101.0,100658.0,1463786.0,6.6,2.82,5386,960.0,16.9,P4,완주군,아원고택,2024,96609.876,1.1154
전북완주,202602,1727302.0,2913638.0,1186336.0,13706.0,23875356.0,48383.0,1513447.0,8.3,2.71,5572,861.0,15.1,P4,완주군,아원고택,2024,125616.101,1.2533
전북완주,202603,2066732.0,3468622.0,1401890.0,18916.0,24941873.0,274719.0,1831413.0,7.0,2.85,5435,1286.0,18.1,P4,완주군,아원고택,2024,128198.91,1.267
