지역키,지역,시설,최초선정연도,기간,시작월,종료월,지표,관측개월수,연간계산가능
전남완도,완도군,완도 해양치유센터,2024,P1,202204,202303,외지인방문자수,12,True
전남완도,완도군,완도 해양치유센터,2024,P1,202204,202303,전체방문자수,12,True
전남완도,완도군,완도 해양치유센터,2024,P1,202204,202303,외국인방문자수,12,True
전남완도,완도군,완도 해양치유센터,2024,P1,202204,202303,내국인관광소비_천원,12,True
전남완도,완도군,완도 해양치유센터,2024,P1,202204,202303,순방문자수,12,True
전남완도,완도군,완도 해양치유센터,2024,P1,202204,202303,숙박자비율_pct,12,True
전남완도,완도군,완도 해양치유센터,2024,P1,202204,202303,평균숙박일수,12,True
전남완도,완도군,완도 해양치유센터,2024,P1,202204,202303,평균체류시간_분,12,True
전남완도,완도군,완도 해양치유센터,2024,P1,202204,202303,숙박검색건수,12,True
전남완도,완도군,완도 해양치유센터,2024,P1,202204,202303,숙박자중_3박이상_pct,12,True
전남완도,완도군,완도 해양치유센터,2024,P2,202304,202403,외지인방문자수,12,True
전남완도,완도군,완도 해양치유센터,2024,P2,202304,202403,전체방문자수,12,True
전남완도,완도군,완도 해양치유센터,2024,P2,202304,202403,외국인방문자수,12,True
전남완도,완도군,완도 해양치유센터,2024,P2,202304,202403,내국인관광소비_천원,12,True
전남완도,완도군,완도 해양치유센터,2024,P2,202304,202403,순방문자수,12,True
전남완도,완도군,완도 해양치유센터,2024,P2,202304,202403,숙박자비율_pct,12,True
전남완도,완도군,완도 해양치유센터,2024,P2,202304,202403,평균숙박일수,12,True
전남완도,완도군,완도 해양치유센터,2024,P2,202304,202403,평균체류시간_분,12,True
전남완도,완도군,완도 해양치유센터,2024,P2,202304,202403,숙박검색건수,12,True
전남완도,완도군,완도 해양치유센터,2024,P2,202304,202403,숙박자중_3박이상_pct,12,True
전남완도,완도군,완도 해양치유센터,2024,P3,202404,202503,외지인방문자수,12,True
전남완도,완도군,완도 해양치유센터,2024,P3,202404,202503,전체방문자수,12,True
전남완도,완도군,완도 해양치유센터,2024,P3,202404,202503,외국인방문자수,12,True
전남완도,완도군,완도 해양치유센터,2024,P3,202404,202503,내국인관광소비_천원,12,True
전남완도,완도군,완도 해양치유센터,2024,P3,202404,202503,순방문자수,12,True
전남완도,완도군,완도 해양치유센터,2024,P3,202404,202503,숙박자비율_pct,12,True
전남완도,완도군,완도 해양치유센터,2024,P3,202404,202503,평균숙박일수,12,True
전남완도,완도군,완도 해양치유센터,2024,P3,202404,202503,평균체류시간_분,12,True
전남완도,완도군,완도 해양치유센터,2024,P3,202404,202503,숙박검색건수,12,True
전남완도,완도군,완도 해양치유센터,2024,P3,202404,202503,숙박자중_3박이상_pct,12,True
전남완도,완도군,완도 해양치유센터,2024,P4,202504,202603,외지인방문자수,12,True
전남완도,완도군,완도 해양치유센터,2024,P4,202504,202603,전체방문자수,12,True
전남완도,완도군,완도 해양치유센터,2024,P4,202504,202603,외국인방문자수,12,True
전남완도,완도군,완도 해양치유센터,2024,P4,202504,202603,내국인관광소비_천원,12,True
전남완도,완도군,완도 해양치유센터,2024,P4,202504,202603,순방문자수,12,True
전남완도,완도군,완도 해양치유센터,2024,P4,202504,202603,숙박자비율_pct,12,True
전남완도,완도군,완도 해양치유센터,2024,P4,202504,202603,평균숙박일수,12,True
전남완도,완도군,완도 해양치유센터,2024,P4,202504,202603,평균체류시간_분,12,True
전남완도,완도군,완도 해양치유센터,2024,P4,202504,202603,숙박검색건수,12,True
전남완도,완도군,완도 해양치유센터,2024,P4,202504,202603,숙박자중_3박이상_pct,12,True
전북무주,무주군,태권도원 상징지구,2022,P1,202004,202103,외지인방문자수,12,True
전북무주,무주군,태권도원 상징지구,2022,P1,202004,202103,전체방문자수,12,True
전북무주,무주군,태권도원 상징지구,2022,P1,202004,202103,외국인방문자수,12,True
전북무주,무주군,태권도원 상징지구,2022,P1,202004,202103,내국인관광소비_천원,12,True
전북무주,무주군,태권도원 상징지구,2022,P1,202004,202103,순방문자수,12,True
전북무주,무주군,태권도원 상징지구,2022,P1,202004,202103,숙박자비율_pct,12,True
전북무주,무주군,태권도원 상징지구,2022,P1,202004,202103,평균숙박일수,12,True
전북무주,무주군,태권도원 상징지구,2022,P1,202004,202103,평균체류시간_분,12,True
전북무주,무주군,태권도원 상징지구,2022,P1,202004,202103,숙박검색건수,12,True
전북무주,무주군,태권도원 상징지구,2022,P1,202004,202103,숙박자중_3박이상_pct,12,True
전북무주,무주군,태권도원 상징지구,2022,P2,202104,202203,외지인방문자수,12,True
전북무주,무주군,태권도원 상징지구,2022,P2,202104,202203,전체방문자수,12,True
전북무주,무주군,태권도원 상징지구,2022,P2,202104,202203,외국인방문자수,12,True
전북무주,무주군,태권도원 상징지구,2022,P2,202104,202203,내국인관광소비_천원,12,True
전북무주,무주군,태권도원 상징지구,2022,P2,202104,202203,순방문자수,12,True
전북무주,무주군,태권도원 상징지구,2022,P2,202104,202203,숙박자비율_pct,12,True
전북무주,무주군,태권도원 상징지구,2022,P2,202104,202203,평균숙박일수,12,True
전북무주,무주군,태권도원 상징지구,2022,P2,202104,202203,평균체류시간_분,12,True
전북무주,무주군,태권도원 상징지구,2022,P2,202104,202203,숙박검색건수,12,True
전북무주,무주군,태권도원 상징지구,2022,P2,202104,202203,숙박자중_3박이상_pct,12,True
전북무주,무주군,태권도원 상징지구,2022,P3,202204,202303,외지인방문자수,12,True
전북무주,무주군,태권도원 상징지구,2022,P3,202204,202303,전체방문자수,12,True
전북무주,무주군,태권도원 상징지구,2022,P3,202204,202303,외국인방문자수,12,True
전북무주,무주군,태권도원 상징지구,2022,P3,202204,202303,내국인관광소비_천원,12,True
전북무주,무주군,태권도원 상징지구,2022,P3,202204,202303,순방문자수,12,True
전북무주,무주군,태권도원 상징지구,2022,P3,202204,202303,숙박자비율_pct,12,True
전북무주,무주군,태권도원 상징지구,2022,P3,202204,202303,평균숙박일수,12,True
전북무주,무주군,태권도원 상징지구,2022,P3,202204,202303,평균체류시간_분,12,True
전북무주,무주군,태권도원 상징지구,2022,P3,202204,202303,숙박검색건수,12,True
전북무주,무주군,태권도원 상징지구,2022,P3,202204,202303,숙박자중_3박이상_pct,12,True
전북무주,무주군,태권도원 상징지구,2022,P4,202304,202403,외지인방문자수,12,True
전북무주,무주군,태권도원 상징지구,2022,P4,202304,202403,전체방문자수,12,True
전북무주,무주군,태권도원 상징지구,2022,P4,202304,202403,외국인방문자수,12,True
전북무주,무주군,태권도원 상징지구,2022,P4,202304,202403,내국인관광소비_천원,12,True
전북무주,무주군,태권도원 상징지구,2022,P4,202304,202403,순방문자수,12,True
전북무주,무주군,태권도원 상징지구,2022,P4,202304,202403,숙박자비율_pct,12,True
전북무주,무주군,태권도원 상징지구,2022,P4,202304,202403,평균숙박일수,12,True
전북무주,무주군,태권도원 상징지구,2022,P4,202304,202403,평균체류시간_분,12,True
전북무주,무주군,태권도원 상징지구,2022,P4,202304,202403,숙박검색건수,12,True
전북무주,무주군,태권도원 상징지구,2022,P4,202304,202403,숙박자중_3박이상_pct,12,True
전북순창,순창군,쉴랜드,2024,P1,202204,202303,외지인방문자수,12,True
전북순창,순창군,쉴랜드,2024,P1,202204,202303,전체방문자수,12,True
전북순창,순창군,쉴랜드,2024,P1,202204,202303,외국인방문자수,12,True
전북순창,순창군,쉴랜드,2024,P1,202204,202303,내국인관광소비_천원,12,True
전북순창,순창군,쉴랜드,2024,P1,202204,202303,순방문자수,12,True
전북순창,순창군,쉴랜드,2024,P1,202204,202303,숙박자비율_pct,12,True
전북순창,순창군,쉴랜드,2024,P1,202204,202303,평균숙박일수,12,True
전북순창,순창군,쉴랜드,2024,P1,202204,202303,평균체류시간_분,12,True
전북순창,순창군,쉴랜드,2024,P1,202204,202303,숙박검색건수,12,True
전북순창,순창군,쉴랜드,2024,P1,202204,202303,숙박자중_3박이상_pct,12,True
전북순창,순창군,쉴랜드,2024,P2,202304,202403,외지인방문자수,12,True
전북순창,순창군,쉴랜드,2024,P2,202304,202403,전체방문자수,12,True
전북순창,순창군,쉴랜드,2024,P2,202304,202403,외국인방문자수,12,True
전북순창,순창군,쉴랜드,2024,P2,202304,202403,내국인관광소비_천원,12,True
전북순창,순창군,쉴랜드,2024,P2,202304,202403,순방문자수,12,True
전북순창,순창군,쉴랜드,2024,P2,202304,202403,숙박자비율_pct,12,True
전북순창,순창군,쉴랜드,2024,P2,202304,202403,평균숙박일수,12,True
전북순창,순창군,쉴랜드,2024,P2,202304,202403,평균체류시간_분,12,True
전북순창,순창군,쉴랜드,2024,P2,202304,202403,숙박검색건수,12,True
전북순창,순창군,쉴랜드,2024,P2,202304,202403,숙박자중_3박이상_pct,12,True
전북순창,순창군,쉴랜드,2024,P3,202404,202503,외지인방문자수,12,True
전북순창,순창군,쉴랜드,2024,P3,202404,202503,전체방문자수,12,True
전북순창,순창군,쉴랜드,2024,P3,202404,202503,외국인방문자수,12,True
전북순창,순창군,쉴랜드,2024,P3,202404,202503,내국인관광소비_천원,12,True
전북순창,순창군,쉴랜드,2024,P3,202404,202503,순방문자수,12,True
전북순창,순창군,쉴랜드,2024,P3,202404,202503,숙박자비율_pct,12,True
전북순창,순창군,쉴랜드,2024,P3,202404,202503,평균숙박일수,12,True
전북순창,순창군,쉴랜드,2024,P3,202404,202503,평균체류시간_분,12,True
전북순창,순창군,쉴랜드,2024,P3,202404,202503,숙박검색건수,12,True
전북순창,순창군,쉴랜드,2024,P3,202404,202503,숙박자중_3박이상_pct,12,True
전북순창,순창군,쉴랜드,2024,P4,202504,202603,외지인방문자수,12,True
전북순창,순창군,쉴랜드,2024,P4,202504,202603,전체방문자수,12,True
전북순창,순창군,쉴랜드,2024,P4,202504,202603,외국인방문자수,12,True
전북순창,순창군,쉴랜드,2024,P4,202504,202603,내국인관광소비_천원,12,True
전북순창,순창군,쉴랜드,2024,P4,202504,202603,순방문자수,12,True
전북순창,순창군,쉴랜드,2024,P4,202504,202603,숙박자비율_pct,12,True
전북순창,순창군,쉴랜드,2024,P4,202504,202603,평균숙박일수,12,True
전북순창,순창군,쉴랜드,2024,P4,202504,202603,평균체류시간_분,12,True
전북순창,순창군,쉴랜드,2024,P4,202504,202603,숙박검색건수,12,True
전북순창,순창군,쉴랜드,2024,P4,202504,202603,숙박자중_3박이상_pct,12,True
전북완주,완주군,아원고택,2024,P1,202204,202303,외지인방문자수,12,True
전북완주,완주군,아원고택,2024,P1,202204,202303,전체방문자수,12,True
전북완주,완주군,아원고택,2024,P1,202204,202303,외국인방문자수,12,True
전북완주,완주군,아원고택,2024,P1,202204,202303,내국인관광소비_천원,12,True
전북완주,완주군,아원고택,2024,P1,202204,202303,순방문자수,12,True
전북완주,완주군,아원고택,2024,P1,202204,202303,숙박자비율_pct,12,True
전북완주,완주군,아원고택,2024,P1,202204,202303,평균숙박일수,12,True
전북완주,완주군,아원고택,2024,P1,202204,202303,평균체류시간_분,12,True
전북완주,완주군,아원고택,2024,P1,202204,202303,숙박검색건수,12,True
전북완주,완주군,아원고택,2024,P1,202204,202303,숙박자중_3박이상_pct,12,True
전북완주,완주군,아원고택,2024,P2,202304,202403,외지인방문자수,12,True
전북완주,완주군,아원고택,2024,P2,202304,202403,전체방문자수,12,True
전북완주,완주군,아원고택,2024,P2,202304,202403,외국인방문자수,12,True
전북완주,완주군,아원고택,2024,P2,202304,202403,내국인관광소비_천원,12,True
전북완주,완주군,아원고택,2024,P2,202304,202403,순방문자수,12,True
전북완주,완주군,아원고택,2024,P2,202304,202403,숙박자비율_pct,12,True
전북완주,완주군,아원고택,2024,P2,202304,202403,평균숙박일수,12,True
전북완주,완주군,아원고택,2024,P2,202304,202403,평균체류시간_분,12,True
전북완주,완주군,아원고택,2024,P2,202304,202403,숙박검색건수,12,True
전북완주,완주군,아원고택,2024,P2,202304,202403,숙박자중_3박이상_pct,12,True
전북완주,완주군,아원고택,2024,P3,202404,202503,외지인방문자수,12,True
전북완주,완주군,아원고택,2024,P3,202404,202503,전체방문자수,12,True
전북완주,완주군,아원고택,2024,P3,202404,202503,외국인방문자수,12,True
전북완주,완주군,아원고택,2024,P3,202404,202503,내국인관광소비_천원,12,True
전북완주,완주군,아원고택,2024,P3,202404,202503,순방문자수,12,True
전북완주,완주군,아원고택,2024,P3,202404,202503,숙박자비율_pct,12,True
전북완주,완주군,아원고택,2024,P3,202404,202503,평균숙박일수,12,True
전북완주,완주군,아원고택,2024,P3,202404,202503,평균체류시간_분,12,True
전북완주,완주군,아원고택,2024,P3,202404,202503,숙박검색건수,12,True
전북완주,완주군,아원고택,2024,P3,202404,202503,숙박자중_3박이상_pct,12,True
전북완주,완주군,아원고택,2024,P4,202504,202603,외지인방문자수,12,True
전북완주,완주군,아원고택,2024,P4,202504,202603,전체방문자수,12,True
전북완주,완주군,아원고택,2024,P4,202504,202603,외국인방문자수,12,True
전북완주,완주군,아원고택,2024,P4,202504,202603,내국인관광소비_천원,12,True
전북완주,완주군,아원고택,2024,P4,202504,202603,순방문자수,12,True
전북완주,완주군,아원고택,2024,P4,202504,202603,숙박자비율_pct,12,True
전북완주,완주군,아원고택,2024,P4,202504,202603,평균숙박일수,12,True
전북완주,완주군,아원고택,2024,P4,202504,202603,평균체류시간_분,12,True
전북완주,완주군,아원고택,2024,P4,202504,202603,숙박검색건수,12,True
전북완주,완주군,아원고택,2024,P4,202504,202603,숙박자중_3박이상_pct,12,True
