지역키,지역,시설,최초선정연도,지표,변환,관측월수,개입시작월,HAC_maxlags,지정전_월추세_beta,지정전_월추세_p,즉시수준변화_beta,즉시수준변화_p,지정후_기울기변화_beta,지정후_기울기변화_p,즉시변화_환산_pct,기울기변화_월환산_pct,즉시수준변화_q_BH,지정후_기울기변화_q_BH
전남완도,완도군,완도 해양치유센터,2024,숙박검색건수,log1p,48,202404,3,0.0005063218,0.9058432557,-0.223553297,0.0105790374,0.0079806855,0.2493688893,-20.0327729423,0.8012616034,0.0476056685,0.4080581826
전남완도,완도군,완도 해양치유센터,2024,외지인방문자수,log1p,48,202404,3,0.0054237976,0.0882040251,-0.0713996509,0.0958939584,0.0019048478,0.611222468,-6.891029304,0.1906663202,0.2157614065,0.8463080326
전남완도,완도군,완도 해양치유센터,2024,숙박자비율_pct,level,48,202404,3,-0.0224341787,0.6413353435,-1.7779130435,0.0595171339,0.019173913,0.713464449,,,0.1636072745,0.8561573388
전남완도,완도군,완도 해양치유센터,2024,평균체류시간_분,level,48,202404,3,-19.1260507246,0.147446988,27.6885507245,0.8661754923,22.7104347826,0.0962772739,,,0.8674680296,0.247570133
전남완도,완도군,완도 해양치유센터,2024,평균숙박일수,level,48,202404,3,-0.0022406401,0.443648839,0.0431086957,0.2100514809,0.0037173913,0.2436855734,,,0.3994317043,0.4080581826
전남완도,완도군,완도 해양치유센터,2024,내국인관광소비_천원,log1p,48,202404,3,-0.0038224349,0.2817784131,-0.1121620407,0.0528165777,0.008646419,0.026660712,-10.6100602336,0.8683907209,0.1636072745,0.1269392612
전북무주,무주군,태권도원 상징지구,2022,숙박검색건수,log1p,48,202204,3,0.0187915795,0.0255353157,0.1201894625,0.3328425543,-0.0161317426,0.0503174074,12.7710490212,-1.6002322897,0.8667250612,0.1509522223
전북무주,무주군,태권도원 상징지구,2022,외지인방문자수,log1p,48,202204,3,0.011594528,0.0255632909,0.0125517461,0.8667250612,-0.0038823575,0.4969615677,1.2630849867,-0.3874830883,0.8667250612,0.7382920047
전북무주,무주군,태권도원 상징지구,2022,숙박자비율_pct,level,48,202204,3,0.1218121981,0.1044899272,-0.3804927536,0.7428450613,-0.0526521739,0.4384020792,,,0.8667250612,0.7382920047
전북무주,무주군,태권도원 상징지구,2022,평균체류시간_분,level,48,202204,3,-2.9001147343,0.1062821319,35.3827536231,0.4374934066,-0.817826087,0.7989859823,,,0.8667250612,0.7989859823
전북무주,무주군,태권도원 상징지구,2022,평균숙박일수,level,48,202204,3,-0.0017826691,0.4602104507,-0.014015942,0.6931071478,0.0011347826,0.6152433372,,,0.8667250612,0.7382920047
전북무주,무주군,태권도원 상징지구,2022,내국인관광소비_천원,log1p,48,202204,3,0.0215276781,0.0015609602,-0.066268838,0.456847666,-0.0135195915,0.0439676365,-6.4120769417,-1.3428612283,0.8667250612,0.1509522223
전북순창,순창군,쉴랜드,2024,숙박검색건수,log1p,48,202404,3,-0.0034719245,0.2792107228,0.0679708863,0.4349744841,-0.0012423776,0.8026627105,7.0334146628,-0.1241606172,0.6022723626,0.8816133426
전북순창,순창군,쉴랜드,2024,외지인방문자수,log1p,48,202404,3,-0.0012960769,0.6858355197,-0.0501150097,0.3178799234,0.0035601291,0.3231587408,-4.8879969808,0.3566473889,0.4768198851,0.4847381113
전북순창,순창군,쉴랜드,2024,숙박자비율_pct,level,48,202404,3,0.0077644928,0.8214436423,-1.2973478261,0.0636250512,0.0053043478,0.8836461438,,,0.1636072745,0.8836461438
전북순창,순창군,쉴랜드,2024,평균체류시간_분,level,48,202404,3,-9.2435507246,0.1618174843,-42.7981159421,0.573827052,13.5704347826,0.0582219772,,,0.6455554335,0.1746659315
전북순창,순창군,쉴랜드,2024,평균숙박일수,level,48,202404,3,-0.0022396135,0.2582911817,0.016684058,0.5089196668,0.0050347826,0.0251354902,,,0.6107036002,0.1269392612
전북순창,순창군,쉴랜드,2024,내국인관광소비_천원,log1p,48,202404,3,-0.0017696385,0.3977249271,-0.2037105405,0.0002166804,0.0014426884,0.6926314574,-18.4301551335,0.1443729601,0.0039002475,0.8561573388
전북완주,완주군,아원고택,2024,숙박검색건수,log1p,48,202404,3,-0.000335843,0.8628063728,-0.0840460293,0.2219065024,0.0059586381,0.2350964063,-8.0611063734,0.5976426069,0.3994317043,0.4080581826
전북완주,완주군,아원고택,2024,외지인방문자수,log1p,48,202404,3,0.005880292,1.3792e-06,-0.0449427455,0.0045461327,-0.0021358745,0.1380464175,-4.3947781481,-0.2133595109,0.0272767964,0.3106044394
전북완주,완주군,아원고택,2024,숙박자비율_pct,level,48,202404,3,0.0053417874,0.6829488234,-0.7352028986,0.0021459938,-0.0037391304,0.8326348235,,,0.0193139443,0.8816133426
전북완주,완주군,아원고택,2024,평균체류시간_분,level,48,202404,3,-5.9035567633,0.0895163994,-48.3846376812,0.2562033684,8.1473913043,0.0282087247,,,0.4192418755,0.1269392612
전북완주,완주군,아원고택,2024,평균숙박일수,level,48,202404,3,-0.0012906401,0.4476355597,-0.0040913043,0.8674680296,0.0043173913,0.0486092313,,,0.8674680296,0.1746659315
전북완주,완주군,아원고택,2024,내국인관광소비_천원,log1p,48,202404,3,-0.00512551,0.0005310378,0.0196146225,0.5085502503,0.0085382953,0.0005552963,1.9808253176,0.857485049,0.6107036002,0.0099953327
