지역키,지역,시설,최초선정연도,기간,숙박검색건수,외지인방문자수,전체방문자수,내국인관광소비_천원,외국인관광소비_천원,숙박자비율_pct,평균체류시간_분,평균숙박일수,숙박자중_3박이상_pct,전체순방문자중_3박이상_pct,방문자대비관광소비_천원_proxy,방문_CV,DSI,WSPI
전북무주,무주군,태권도원 상징지구,2022,P1,109016.0,5999630.0,10295761.0,49754302.0,68954.0,15.4274650201,1044.8344614219,2.435370267,7.4004261826,1.1416981607,8.2928950619,0.2434163642,0.7565836358,
전북무주,무주군,태권도원 상징지구,2022,P2,149746.0,7183918.0,11806940.0,71888353.0,68377.0,17.6584969513,1008.2687277758,2.3892298795,6.3071712557,1.1137516439,10.0068448721,0.2300127972,0.7699872028,
전북무주,무주군,태권도원 상징지구,2022,P3,190155.0,8192369.0,12874923.0,79903268.0,119212.0,18.326249505,1009.041671657,2.3722146527,5.6672494313,1.0385942708,9.7533775639,0.2409266876,0.7590733124,
전북무주,무주군,태권도원 상징지구,2022,P4,179424.0,8525398.0,13501122.0,83560675.0,276078.0,18.3443263361,970.5754674502,2.3857266673,6.3044760918,1.1565136681,9.8013811203,0.1700981091,0.8299018909,
전남완도,완도군,완도 해양치유센터,2024,P1,34688.0,5996657.0,17288932.0,54887836.0,100578.0,19.8182615792,2364.2836367444,2.7728723465,15.6877621721,3.1090417432,9.1530724535,0.1787410082,0.8212589918,
전남완도,완도군,완도 해양치유센터,2024,P2,35019.0,6253828.0,18225835.0,51716067.0,164951.0,19.8579092822,2131.7267101904,2.7450759445,15.5913784698,3.0961217924,8.2695058131,0.1099835532,0.8900164468,
전남완도,완도군,완도 해양치유센터,2024,P3,29393.0,6310677.0,18714251.0,46406611.0,235251.0,18.0429541279,2059.759859443,2.790028596,16.8775281598,3.0452046638,7.3536660171,0.1440821458,0.8559178542,
전남완도,완도군,완도 해양치유센터,2024,P4,33684.0,7020992.0,19890869.0,50355541.0,257893.0,17.7853580265,2069.4776414964,2.8036263302,16.9575943558,3.0159688689,7.1721404895,0.1872957078,0.8127042922,
전북순창,순창군,쉴랜드,2024,P1,16074.0,5185181.0,9292104.0,46754551.0,45314.0,9.6125095123,1046.4531328025,2.638558168,12.3652026044,1.1886062766,9.0169563994,0.2304174018,0.7695825982,
전북순창,순창군,쉴랜드,2024,P2,15326.0,4978927.0,9173874.0,44930596.0,67304.0,10.0414322938,966.8497324914,2.6103282018,12.1514456952,1.2201791922,9.0241523927,0.1857879902,0.8142120098,
전북순창,순창군,쉴랜드,2024,P3,16086.0,4784694.0,8702821.0,36460605.0,70916.0,8.8968020026,880.0327295267,2.6297295661,13.0481057134,1.1608641304,7.6202584742,0.2207507675,0.7792492325,
전북순창,순창군,쉴랜드,2024,P4,15748.0,5030240.0,9100868.0,36862076.0,81562.0,8.8796310693,913.4390756533,2.6692935762,13.8386652496,1.2288224191,7.3280948822,0.2542351098,0.7457648902,
전북완주,완주군,아원고택,2024,P1,116398.0,21302257.0,35107214.0,306658135.0,458470.0,7.6706449291,988.6404104944,2.6638408601,13.6004484541,1.0432421097,14.3955701501,0.1336686615,0.8663313385,
전북완주,완주군,아원고택,2024,P2,116269.0,22650049.0,37107874.0,285535920.0,647942.0,7.7668237643,899.6588306471,2.6382038105,13.03484408,1.0123933676,12.6064151119,0.093189126,0.906810874,
전북완주,완주군,아원고택,2024,P3,112527.0,23006906.0,38603899.0,287068670.0,884886.0,7.0968693894,827.9933088143,2.6452600746,13.3044871836,0.9442020784,12.4775000167,0.1078514762,0.8921485238,
전북완주,완주군,아원고택,2024,P4,117752.0,24184637.0,41146424.0,301118686.0,1514391.0,7.0710359194,856.6647543236,2.6842730486,14.1948937904,1.0037260386,12.4508251251,0.1121605774,0.8878394226,
