지역키,지역,시설,영역,변화구간,시설소재_읍면동,시설동_성장률_pct,시군구_성장률_pct,상대집중도_RC_pctp,시설동_점유율_before_pct,시설동_점유율_after_pct,시설동_점유율변화_pctp,시군구방문기준
전북무주,무주군,태권도원 상징지구,소비,g12,설천면,79.7008050554,44.4867079032,35.2140971523,39.8,49.5,9.7,해당없음
전북무주,무주군,태권도원 상징지구,소비,g23,설천면,17.2117937835,11.1491147947,6.0626789888,49.5,52.2,2.7,해당없음
전북무주,무주군,태권도원 상징지구,소비,g34,설천면,7.1817087368,4.5772933843,2.6044153525,52.2,53.5,1.3,해당없음
전북무주,무주군,태권도원 상징지구,방문,g12,설천면,45.4725050178,14.6776814264,30.7948235914,27.3486356507,32.6448905758,5.296254925,전체방문자(메인 KPI 외지인과 다름)
전북무주,무주군,태권도원 상징지구,방문,g23,설천면,14.3870329465,9.0453834779,5.3416494686,32.6448905758,32.8312310849,0.1863405092,전체방문자(메인 KPI 외지인과 다름)
전북무주,무주군,태권도원 상징지구,방문,g34,설천면,6.1878839224,4.8637106412,1.3241732812,32.8312310849,33.157983076,0.3267519911,전체방문자(메인 KPI 외지인과 다름)
전남완도,완도군,완도 해양치유센터,소비,g12,신지면,-3.8557524134,-5.7786373651,1.9228849517,4.9049049049,5.0,0.0950950951,해당없음
전남완도,완도군,완도 해양치유센터,소비,g23,신지면,13.0641466993,-10.2665502386,23.330696938,5.0,6.3063063063,1.3063063063,해당없음
전남완도,완도군,완도 해양치유센터,소비,g34,신지면,18.8436423628,8.5094125921,10.3342297707,6.3063063063,6.8862275449,0.5799212386,해당없음
전남완도,완도군,완도 해양치유센터,방문,g12,신지면,34.9426090696,5.4190912429,29.5235178268,9.6718074515,11.8564285697,2.1846211182,전체방문자(메인 KPI 외지인과 다름)
전남완도,완도군,완도 해양치유센터,방문,g23,신지면,27.3422500474,2.6798004042,24.6624496432,11.8564285697,14.4233912926,2.5669627229,전체방문자(메인 KPI 외지인과 다름)
전남완도,완도군,완도 해양치유센터,방문,g34,신지면,10.0932479764,6.2872834184,3.8059645581,14.4233912926,14.0778417287,-0.3455495639,전체방문자(메인 KPI 외지인과 다름)
전북순창,순창군,쉴랜드,소비,g12,인계면,-25.256433088,-3.9011282559,-21.355304832,0.9,0.7,-0.2,해당없음
전북순창,순창군,쉴랜드,소비,g23,인계면,15.9267474917,-18.8512767558,34.7780242475,0.7,1.0,0.3,해당없음
전북순창,순창군,쉴랜드,소비,g34,인계면,31.4314416889,1.1011089915,30.3303326974,1.0,1.3,0.3,해당없음
전북순창,순창군,쉴랜드,방문,g12,인계면,3.2992285386,-1.2723706063,4.5715991449,2.9568754351,3.240199897,0.2833244619,전체방문자(메인 KPI 외지인과 다름)
전북순창,순창군,쉴랜드,방문,g23,인계면,-2.8845338983,-5.1347228009,2.2501889026,3.240199897,3.2692472622,0.0290473652,전체방문자(메인 KPI 외지인과 다름)
전북순창,순창군,쉴랜드,방문,g34,인계면,1.6209081885,4.5737698156,-2.952861627,3.2692472622,3.1694762997,-0.0997709625,전체방문자(메인 KPI 외지인과 다름)
전북완주,완주군,아원고택,소비,g12,소양면,-18.2123186204,-6.8878704294,-11.324448191,7.3926073926,6.4935064935,-0.8991008991,해당없음
전북완주,완주군,아원고택,소비,g23,소양면,0.536797612,0.536797612,0.0,6.4935064935,6.5065065065,0.013000013,해당없음
전북완주,완주군,아원고택,소비,g34,소양면,9.7355805173,4.8943049062,4.8412756111,6.5065065065,6.8,0.2934934935,해당없음
전북완주,완주군,아원고택,방문,g12,소양면,8.3464162054,5.6987147998,2.6477014057,9.0742381622,9.2134348012,0.139196639,전체방문자(메인 KPI 외지인과 다름)
전북완주,완주군,아원고택,방문,g23,소양면,7.968668657,4.0315567526,3.9371119044,9.2134348012,9.7215327115,0.5080979103,전체방문자(메인 KPI 외지인과 다름)
전북완주,완주군,아원고택,방문,g34,소양면,3.1261398843,6.5861870585,-3.4600471742,9.7215327115,9.4938011808,-0.2277315307,전체방문자(메인 KPI 외지인과 다름)
