지역키,지역,시설,영역,기간,시설소재_읍면동,시설동_방문자수,시설동_외지인방문자수,시군구_전체방문자수,시설동_점유율_pct,자료범위,시설동_성장률_pct,시군구_성장률_pct,상대집중도_RC_pctp,시설동_점유율변화_pctp
전남완도,완도군,완도 해양치유센터,방문,P1,신지면,781221.0,,17288932.0,9.7,통합 ZIP의 시군구 내 읍면동 방문자 분포; 외지인 세부값 없음,,,,
전남완도,완도군,완도 해양치유센터,방문,P2,신지면,1054200.0,,18225835.0,11.9,통합 ZIP의 시군구 내 읍면동 방문자 분포; 외지인 세부값 없음,34.9426090696,5.4190912429,29.5235178268,2.2
전남완도,완도군,완도 해양치유센터,방문,P3,신지면,1342442.0,,18714251.0,14.4,통합 ZIP의 시군구 내 읍면동 방문자 분포; 외지인 세부값 없음,27.3422500474,2.6798004042,24.6624496432,2.5
전남완도,완도군,완도 해양치유센터,방문,P4,신지면,1477938.0,,19890869.0,14.1,통합 ZIP의 시군구 내 읍면동 방문자 분포; 외지인 세부값 없음,10.0932479764,6.2872834184,3.8059645581,-0.3
전북무주,무주군,태권도원 상징지구,방문,P1,설천면,1901747.0,,10295761.0,27.3,통합 ZIP의 시군구 내 읍면동 방문자 분포; 외지인 세부값 없음,,,,
전북무주,무주군,태권도원 상징지구,방문,P2,설천면,2766519.0,,11806940.0,32.6,통합 ZIP의 시군구 내 읍면동 방문자 분포; 외지인 세부값 없음,45.4725050178,14.6776814264,30.7948235914,5.3
전북무주,무주군,태권도원 상징지구,방문,P3,설천면,3164539.0,,12874923.0,32.8,통합 ZIP의 시군구 내 읍면동 방문자 분포; 외지인 세부값 없음,14.3870329465,9.0453834779,5.3416494686,0.2
전북무주,무주군,태권도원 상징지구,방문,P4,설천면,3360357.0,,13501122.0,33.2,통합 ZIP의 시군구 내 읍면동 방문자 분포; 외지인 세부값 없음,6.1878839224,4.8637106412,1.3241732812,0.4
전북순창,순창군,쉴랜드,방문,P1,인계면,182770.0,,9292104.0,3.0,통합 ZIP의 시군구 내 읍면동 방문자 분포; 외지인 세부값 없음,,,,
전북순창,순창군,쉴랜드,방문,P2,인계면,188800.0,,9173874.0,3.2,통합 ZIP의 시군구 내 읍면동 방문자 분포; 외지인 세부값 없음,3.2992285386,-1.2723706063,4.5715991449,0.2
전북순창,순창군,쉴랜드,방문,P3,인계면,183354.0,,8702821.0,3.3,통합 ZIP의 시군구 내 읍면동 방문자 분포; 외지인 세부값 없음,-2.8845338983,-5.1347228009,2.2501889026,0.1
전북순창,순창군,쉴랜드,방문,P4,인계면,186326.0,,9100868.0,3.2,통합 ZIP의 시군구 내 읍면동 방문자 분포; 외지인 세부값 없음,1.6209081885,4.5737698156,-2.952861627,-0.1
전북완주,완주군,아원고택,방문,P1,소양면,2045932.0,,35107214.0,9.1,통합 ZIP의 시군구 내 읍면동 방문자 분포; 외지인 세부값 없음,,,,
전북완주,완주군,아원고택,방문,P2,소양면,2216694.0,,37107874.0,9.2,통합 ZIP의 시군구 내 읍면동 방문자 분포; 외지인 세부값 없음,8.3464162054,5.6987147998,2.6477014057,0.1
전북완주,완주군,아원고택,방문,P3,소양면,2393335.0,,38603899.0,9.7,통합 ZIP의 시군구 내 읍면동 방문자 분포; 외지인 세부값 없음,7.968668657,4.0315567526,3.9371119044,0.5
전북완주,완주군,아원고택,방문,P4,소양면,2468154.0,,41146424.0,9.5,통합 ZIP의 시군구 내 읍면동 방문자 분포; 외지인 세부값 없음,3.1261398843,6.5861870585,-3.4600471742,-0.2
